"","MaxTemp","MinTemp","DegreeDay"
"1",48,"15",0
"2",49,"15",0
"3",50,"15",0
"4",51,"15",0
"5",52,"15",0
"6",53,"15",0
"7",54,"15",1
"8",55,"15",1
"9",56,"15",1
"10",57,"15",1
"11",58,"15",1
"12",59,"15",1
"13",60,"15",2
"14",61,"15",2
"15",62,"15",2
"16",63,"15",3
"17",64,"15",3
"18",65,"15",3
"19",66,"15",4
"20",67,"15",4
"21",68,"15",4
"22",69,"15",5
"23",70,"15",5
"24",71,"15",5
"25",72,"15",6
"26",73,"15",6
"27",74,"15",6
"28",75,"15",8
"29",76,"15",8
"30",77,"15",8
"31",78,"15",9
"32",79,"15",9
"33",80,"15",9
"34",81,"15",10
"35",82,"15",10
"36",83,"15",10
"37",84,"15",11
"38",85,"15",11
"39",86,"15",11
"40",87,"15",12
"41",88,"15",12
"42",89,"15",12
"43",90,"15",13
"44",91,"15",13
"45",92,"15",13
"46",93,"15",14
"47",94,"15",14
"48",95,"15",14
"49",96,"15",15
"50",97,"15",15
"51",98,"15",15
"52",99,"15",16
"53",100,"15",16
"54",101,"15",16
"55",102,"15",18
"56",103,"15",18
"57",104,"15",18
"58",105,"15",17
"59",106,"15",17
"60",107,"15",17
"61",108,"15",17
"62",109,"15",17
"63",110,"15",17
"64",111,"15",18
"65",112,"15",18
"66",113,"15",18
"67",114,"15",18
"68",115,"15",18
"69",116,"15",18
"70",48,"16",0
"71",49,"16",0
"72",50,"16",0
"73",51,"16",0
"74",52,"16",0
"75",53,"16",0
"76",54,"16",1
"77",55,"16",1
"78",56,"16",1
"79",57,"16",1
"80",58,"16",1
"81",59,"16",1
"82",60,"16",2
"83",61,"16",2
"84",62,"16",2
"85",63,"16",3
"86",64,"16",3
"87",65,"16",3
"88",66,"16",4
"89",67,"16",4
"90",68,"16",4
"91",69,"16",5
"92",70,"16",5
"93",71,"16",5
"94",72,"16",6
"95",73,"16",6
"96",74,"16",6
"97",75,"16",8
"98",76,"16",8
"99",77,"16",8
"100",78,"16",9
"101",79,"16",9
"102",80,"16",9
"103",81,"16",10
"104",82,"16",10
"105",83,"16",10
"106",84,"16",11
"107",85,"16",11
"108",86,"16",11
"109",87,"16",12
"110",88,"16",12
"111",89,"16",12
"112",90,"16",13
"113",91,"16",13
"114",92,"16",13
"115",93,"16",14
"116",94,"16",14
"117",95,"16",14
"118",96,"16",15
"119",97,"16",15
"120",98,"16",15
"121",99,"16",16
"122",100,"16",16
"123",101,"16",16
"124",102,"16",18
"125",103,"16",18
"126",104,"16",18
"127",105,"16",17
"128",106,"16",17
"129",107,"16",17
"130",108,"16",17
"131",109,"16",17
"132",110,"16",17
"133",111,"16",18
"134",112,"16",18
"135",113,"16",18
"136",114,"16",18
"137",115,"16",18
"138",116,"16",18
"139",48,"17",0
"140",49,"17",0
"141",50,"17",0
"142",51,"17",0
"143",52,"17",0
"144",53,"17",0
"145",54,"17",1
"146",55,"17",1
"147",56,"17",1
"148",57,"17",1
"149",58,"17",1
"150",59,"17",1
"151",60,"17",2
"152",61,"17",2
"153",62,"17",2
"154",63,"17",3
"155",64,"17",3
"156",65,"17",3
"157",66,"17",4
"158",67,"17",4
"159",68,"17",4
"160",69,"17",5
"161",70,"17",5
"162",71,"17",5
"163",72,"17",6
"164",73,"17",6
"165",74,"17",6
"166",75,"17",8
"167",76,"17",8
"168",77,"17",8
"169",78,"17",9
"170",79,"17",9
"171",80,"17",9
"172",81,"17",10
"173",82,"17",10
"174",83,"17",10
"175",84,"17",11
"176",85,"17",11
"177",86,"17",11
"178",87,"17",12
"179",88,"17",12
"180",89,"17",12
"181",90,"17",13
"182",91,"17",13
"183",92,"17",13
"184",93,"17",14
"185",94,"17",14
"186",95,"17",14
"187",96,"17",15
"188",97,"17",15
"189",98,"17",15
"190",99,"17",16
"191",100,"17",16
"192",101,"17",16
"193",102,"17",18
"194",103,"17",18
"195",104,"17",18
"196",105,"17",17
"197",106,"17",17
"198",107,"17",17
"199",108,"17",17
"200",109,"17",17
"201",110,"17",17
"202",111,"17",18
"203",112,"17",18
"204",113,"17",18
"205",114,"17",18
"206",115,"17",18
"207",116,"17",18
"208",48,"18",0
"209",49,"18",0
"210",50,"18",0
"211",51,"18",0
"212",52,"18",0
"213",53,"18",0
"214",54,"18",1
"215",55,"18",1
"216",56,"18",1
"217",57,"18",2
"218",58,"18",2
"219",59,"18",2
"220",60,"18",2
"221",61,"18",2
"222",62,"18",2
"223",63,"18",3
"224",64,"18",3
"225",65,"18",3
"226",66,"18",4
"227",67,"18",4
"228",68,"18",4
"229",69,"18",5
"230",70,"18",5
"231",71,"18",5
"232",72,"18",7
"233",73,"18",7
"234",74,"18",7
"235",75,"18",8
"236",76,"18",8
"237",77,"18",8
"238",78,"18",9
"239",79,"18",9
"240",80,"18",9
"241",81,"18",10
"242",82,"18",10
"243",83,"18",10
"244",84,"18",11
"245",85,"18",11
"246",86,"18",11
"247",87,"18",13
"248",88,"18",13
"249",89,"18",13
"250",90,"18",14
"251",91,"18",14
"252",92,"18",14
"253",93,"18",15
"254",94,"18",15
"255",95,"18",15
"256",96,"18",15
"257",97,"18",15
"258",98,"18",15
"259",99,"18",16
"260",100,"18",16
"261",101,"18",16
"262",102,"18",16
"263",103,"18",16
"264",104,"18",16
"265",105,"18",17
"266",106,"18",17
"267",107,"18",17
"268",108,"18",17
"269",109,"18",17
"270",110,"18",17
"271",111,"18",18
"272",112,"18",18
"273",113,"18",18
"274",114,"18",18
"275",115,"18",18
"276",116,"18",18
"277",48,"19",0
"278",49,"19",0
"279",50,"19",0
"280",51,"19",0
"281",52,"19",0
"282",53,"19",0
"283",54,"19",1
"284",55,"19",1
"285",56,"19",1
"286",57,"19",2
"287",58,"19",2
"288",59,"19",2
"289",60,"19",2
"290",61,"19",2
"291",62,"19",2
"292",63,"19",3
"293",64,"19",3
"294",65,"19",3
"295",66,"19",4
"296",67,"19",4
"297",68,"19",4
"298",69,"19",5
"299",70,"19",5
"300",71,"19",5
"301",72,"19",7
"302",73,"19",7
"303",74,"19",7
"304",75,"19",8
"305",76,"19",8
"306",77,"19",8
"307",78,"19",9
"308",79,"19",9
"309",80,"19",9
"310",81,"19",10
"311",82,"19",10
"312",83,"19",10
"313",84,"19",11
"314",85,"19",11
"315",86,"19",11
"316",87,"19",13
"317",88,"19",13
"318",89,"19",13
"319",90,"19",14
"320",91,"19",14
"321",92,"19",14
"322",93,"19",15
"323",94,"19",15
"324",95,"19",15
"325",96,"19",15
"326",97,"19",15
"327",98,"19",15
"328",99,"19",16
"329",100,"19",16
"330",101,"19",16
"331",102,"19",16
"332",103,"19",16
"333",104,"19",16
"334",105,"19",17
"335",106,"19",17
"336",107,"19",17
"337",108,"19",17
"338",109,"19",17
"339",110,"19",17
"340",111,"19",18
"341",112,"19",18
"342",113,"19",18
"343",114,"19",18
"344",115,"19",18
"345",116,"19",18
"346",48,"20",0
"347",49,"20",0
"348",50,"20",0
"349",51,"20",0
"350",52,"20",0
"351",53,"20",0
"352",54,"20",1
"353",55,"20",1
"354",56,"20",1
"355",57,"20",2
"356",58,"20",2
"357",59,"20",2
"358",60,"20",2
"359",61,"20",2
"360",62,"20",2
"361",63,"20",3
"362",64,"20",3
"363",65,"20",3
"364",66,"20",5
"365",67,"20",5
"366",68,"20",5
"367",69,"20",5
"368",70,"20",5
"369",71,"20",5
"370",72,"20",7
"371",73,"20",7
"372",74,"20",7
"373",75,"20",8
"374",76,"20",8
"375",77,"20",8
"376",78,"20",9
"377",79,"20",9
"378",80,"20",9
"379",81,"20",10
"380",82,"20",10
"381",83,"20",10
"382",84,"20",11
"383",85,"20",11
"384",86,"20",11
"385",87,"20",13
"386",88,"20",13
"387",89,"20",13
"388",90,"20",14
"389",91,"20",14
"390",92,"20",14
"391",93,"20",15
"392",94,"20",15
"393",95,"20",15
"394",96,"20",15
"395",97,"20",15
"396",98,"20",15
"397",99,"20",16
"398",100,"20",16
"399",101,"20",16
"400",102,"20",16
"401",103,"20",16
"402",104,"20",16
"403",105,"20",17
"404",106,"20",17
"405",107,"20",17
"406",108,"20",17
"407",109,"20",17
"408",110,"20",17
"409",111,"20",18
"410",112,"20",18
"411",113,"20",18
"412",114,"20",18
"413",115,"20",18
"414",116,"20",18
"415",48,"21",0
"416",49,"21",0
"417",50,"21",0
"418",51,"21",0
"419",52,"21",0
"420",53,"21",0
"421",54,"21",1
"422",55,"21",1
"423",56,"21",1
"424",57,"21",2
"425",58,"21",2
"426",59,"21",2
"427",60,"21",3
"428",61,"21",3
"429",62,"21",3
"430",63,"21",4
"431",64,"21",4
"432",65,"21",4
"433",66,"21",5
"434",67,"21",5
"435",68,"21",5
"436",69,"21",6
"437",70,"21",6
"438",71,"21",6
"439",72,"21",7
"440",73,"21",7
"441",74,"21",7
"442",75,"21",8
"443",76,"21",8
"444",77,"21",8
"445",78,"21",9
"446",79,"21",9
"447",80,"21",9
"448",81,"21",10
"449",82,"21",10
"450",83,"21",10
"451",84,"21",12
"452",85,"21",12
"453",86,"21",12
"454",87,"21",13
"455",88,"21",13
"456",89,"21",13
"457",90,"21",14
"458",91,"21",14
"459",92,"21",14
"460",93,"21",15
"461",94,"21",15
"462",95,"21",15
"463",96,"21",16
"464",97,"21",16
"465",98,"21",16
"466",99,"21",16
"467",100,"21",16
"468",101,"21",16
"469",102,"21",17
"470",103,"21",17
"471",104,"21",17
"472",105,"21",17
"473",106,"21",17
"474",107,"21",17
"475",108,"21",18
"476",109,"21",18
"477",110,"21",18
"478",111,"21",18
"479",112,"21",18
"480",113,"21",18
"481",114,"21",19
"482",115,"21",19
"483",116,"21",19
"484",48,"22",0
"485",49,"22",0
"486",50,"22",0
"487",51,"22",0
"488",52,"22",0
"489",53,"22",0
"490",54,"22",1
"491",55,"22",1
"492",56,"22",1
"493",57,"22",2
"494",58,"22",2
"495",59,"22",2
"496",60,"22",3
"497",61,"22",3
"498",62,"22",3
"499",63,"22",4
"500",64,"22",4
"501",65,"22",4
"502",66,"22",5
"503",67,"22",5
"504",68,"22",5
"505",69,"22",6
"506",70,"22",6
"507",71,"22",6
"508",72,"22",7
"509",73,"22",7
"510",74,"22",7
"511",75,"22",8
"512",76,"22",8
"513",77,"22",8
"514",78,"22",9
"515",79,"22",9
"516",80,"22",9
"517",81,"22",10
"518",82,"22",10
"519",83,"22",10
"520",84,"22",12
"521",85,"22",12
"522",86,"22",12
"523",87,"22",13
"524",88,"22",13
"525",89,"22",13
"526",90,"22",14
"527",91,"22",14
"528",92,"22",14
"529",93,"22",15
"530",94,"22",15
"531",95,"22",15
"532",96,"22",16
"533",97,"22",16
"534",98,"22",16
"535",99,"22",16
"536",100,"22",16
"537",101,"22",16
"538",102,"22",17
"539",103,"22",17
"540",104,"22",17
"541",105,"22",17
"542",106,"22",17
"543",107,"22",17
"544",108,"22",18
"545",109,"22",18
"546",110,"22",18
"547",111,"22",18
"548",112,"22",18
"549",113,"22",18
"550",114,"22",19
"551",115,"22",19
"552",116,"22",19
"553",48,"23",0
"554",49,"23",0
"555",50,"23",0
"556",51,"23",0
"557",52,"23",0
"558",53,"23",0
"559",54,"23",1
"560",55,"23",1
"561",56,"23",1
"562",57,"23",2
"563",58,"23",2
"564",59,"23",2
"565",60,"23",3
"566",61,"23",3
"567",62,"23",3
"568",63,"23",4
"569",64,"23",4
"570",65,"23",4
"571",66,"23",5
"572",67,"23",5
"573",68,"23",5
"574",69,"23",6
"575",70,"23",6
"576",71,"23",6
"577",72,"23",7
"578",73,"23",7
"579",74,"23",7
"580",75,"23",8
"581",76,"23",8
"582",77,"23",8
"583",78,"23",9
"584",79,"23",9
"585",80,"23",9
"586",81,"23",10
"587",82,"23",10
"588",83,"23",10
"589",84,"23",12
"590",85,"23",12
"591",86,"23",12
"592",87,"23",13
"593",88,"23",13
"594",89,"23",13
"595",90,"23",14
"596",91,"23",14
"597",92,"23",14
"598",93,"23",15
"599",94,"23",15
"600",95,"23",15
"601",96,"23",16
"602",97,"23",16
"603",98,"23",16
"604",99,"23",16
"605",100,"23",16
"606",101,"23",16
"607",102,"23",17
"608",103,"23",17
"609",104,"23",17
"610",105,"23",17
"611",106,"23",17
"612",107,"23",17
"613",108,"23",18
"614",109,"23",18
"615",110,"23",18
"616",111,"23",18
"617",112,"23",18
"618",113,"23",18
"619",114,"23",19
"620",115,"23",19
"621",116,"23",19
"622",48,"24",0
"623",49,"24",0
"624",50,"24",0
"625",51,"24",0
"626",52,"24",0
"627",53,"24",0
"628",54,"24",1
"629",55,"24",1
"630",56,"24",1
"631",57,"24",2
"632",58,"24",2
"633",59,"24",2
"634",60,"24",3
"635",61,"24",3
"636",62,"24",3
"637",63,"24",4
"638",64,"24",4
"639",65,"24",4
"640",66,"24",5
"641",67,"24",5
"642",68,"24",5
"643",69,"24",6
"644",70,"24",6
"645",71,"24",6
"646",72,"24",7
"647",73,"24",7
"648",74,"24",7
"649",75,"24",8
"650",76,"24",8
"651",77,"24",8
"652",78,"24",10
"653",79,"24",10
"654",80,"24",10
"655",81,"24",11
"656",82,"24",11
"657",83,"24",11
"658",84,"24",12
"659",85,"24",12
"660",86,"24",12
"661",87,"24",13
"662",88,"24",13
"663",89,"24",13
"664",90,"24",14
"665",91,"24",14
"666",92,"24",14
"667",93,"24",15
"668",94,"24",15
"669",95,"24",15
"670",96,"24",16
"671",97,"24",16
"672",98,"24",16
"673",99,"24",17
"674",100,"24",17
"675",101,"24",17
"676",102,"24",17
"677",103,"24",17
"678",104,"24",17
"679",105,"24",18
"680",106,"24",18
"681",107,"24",18
"682",108,"24",18
"683",109,"24",18
"684",110,"24",18
"685",111,"24",19
"686",112,"24",19
"687",113,"24",19
"688",114,"24",19
"689",115,"24",19
"690",116,"24",19
"691",48,"25",0
"692",49,"25",0
"693",50,"25",0
"694",51,"25",0
"695",52,"25",0
"696",53,"25",0
"697",54,"25",1
"698",55,"25",1
"699",56,"25",1
"700",57,"25",2
"701",58,"25",2
"702",59,"25",2
"703",60,"25",3
"704",61,"25",3
"705",62,"25",3
"706",63,"25",4
"707",64,"25",4
"708",65,"25",4
"709",66,"25",5
"710",67,"25",5
"711",68,"25",5
"712",69,"25",6
"713",70,"25",6
"714",71,"25",6
"715",72,"25",7
"716",73,"25",7
"717",74,"25",7
"718",75,"25",8
"719",76,"25",8
"720",77,"25",8
"721",78,"25",10
"722",79,"25",10
"723",80,"25",10
"724",81,"25",11
"725",82,"25",11
"726",83,"25",11
"727",84,"25",12
"728",85,"25",12
"729",86,"25",12
"730",87,"25",13
"731",88,"25",13
"732",89,"25",13
"733",90,"25",14
"734",91,"25",14
"735",92,"25",14
"736",93,"25",15
"737",94,"25",15
"738",95,"25",15
"739",96,"25",16
"740",97,"25",16
"741",98,"25",16
"742",99,"25",17
"743",100,"25",17
"744",101,"25",17
"745",102,"25",17
"746",103,"25",17
"747",104,"25",17
"748",105,"25",18
"749",106,"25",18
"750",107,"25",18
"751",108,"25",18
"752",109,"25",18
"753",110,"25",18
"754",111,"25",19
"755",112,"25",19
"756",113,"25",19
"757",114,"25",19
"758",115,"25",19
"759",116,"25",19
"760",48,"26",0
"761",49,"26",0
"762",50,"26",0
"763",51,"26",0
"764",52,"26",0
"765",53,"26",0
"766",54,"26",1
"767",55,"26",1
"768",56,"26",1
"769",57,"26",2
"770",58,"26",2
"771",59,"26",2
"772",60,"26",3
"773",61,"26",3
"774",62,"26",3
"775",63,"26",4
"776",64,"26",4
"777",65,"26",4
"778",66,"26",5
"779",67,"26",5
"780",68,"26",5
"781",69,"26",6
"782",70,"26",6
"783",71,"26",6
"784",72,"26",7
"785",73,"26",7
"786",74,"26",7
"787",75,"26",9
"788",76,"26",9
"789",77,"26",9
"790",78,"26",10
"791",79,"26",10
"792",80,"26",10
"793",81,"26",11
"794",82,"26",11
"795",83,"26",11
"796",84,"26",12
"797",85,"26",12
"798",86,"26",12
"799",87,"26",14
"800",88,"26",14
"801",89,"26",14
"802",90,"26",15
"803",91,"26",15
"804",92,"26",15
"805",93,"26",16
"806",94,"26",16
"807",95,"26",16
"808",96,"26",16
"809",97,"26",16
"810",98,"26",16
"811",99,"26",17
"812",100,"26",17
"813",101,"26",17
"814",102,"26",18
"815",103,"26",18
"816",104,"26",18
"817",105,"26",18
"818",106,"26",18
"819",107,"26",18
"820",108,"26",19
"821",109,"26",19
"822",110,"26",19
"823",111,"26",19
"824",112,"26",19
"825",113,"26",19
"826",114,"26",20
"827",115,"26",20
"828",116,"26",20
"829",48,"27",0
"830",49,"27",0
"831",50,"27",0
"832",51,"27",0
"833",52,"27",0
"834",53,"27",0
"835",54,"27",1
"836",55,"27",1
"837",56,"27",1
"838",57,"27",2
"839",58,"27",2
"840",59,"27",2
"841",60,"27",3
"842",61,"27",3
"843",62,"27",3
"844",63,"27",4
"845",64,"27",4
"846",65,"27",4
"847",66,"27",5
"848",67,"27",5
"849",68,"27",5
"850",69,"27",6
"851",70,"27",6
"852",71,"27",6
"853",72,"27",7
"854",73,"27",7
"855",74,"27",7
"856",75,"27",9
"857",76,"27",9
"858",77,"27",9
"859",78,"27",10
"860",79,"27",10
"861",80,"27",10
"862",81,"27",11
"863",82,"27",11
"864",83,"27",11
"865",84,"27",12
"866",85,"27",12
"867",86,"27",12
"868",87,"27",14
"869",88,"27",14
"870",89,"27",14
"871",90,"27",15
"872",91,"27",15
"873",92,"27",15
"874",93,"27",16
"875",94,"27",16
"876",95,"27",16
"877",96,"27",16
"878",97,"27",16
"879",98,"27",16
"880",99,"27",17
"881",100,"27",17
"882",101,"27",17
"883",102,"27",18
"884",103,"27",18
"885",104,"27",18
"886",105,"27",18
"887",106,"27",18
"888",107,"27",18
"889",108,"27",19
"890",109,"27",19
"891",110,"27",19
"892",111,"27",19
"893",112,"27",19
"894",113,"27",19
"895",114,"27",20
"896",115,"27",20
"897",116,"27",20
"898",48,"28",0
"899",49,"28",0
"900",50,"28",0
"901",51,"28",0
"902",52,"28",0
"903",53,"28",0
"904",54,"28",1
"905",55,"28",1
"906",56,"28",1
"907",57,"28",2
"908",58,"28",2
"909",59,"28",2
"910",60,"28",3
"911",61,"28",3
"912",62,"28",3
"913",63,"28",4
"914",64,"28",4
"915",65,"28",4
"916",66,"28",5
"917",67,"28",5
"918",68,"28",5
"919",69,"28",6
"920",70,"28",6
"921",71,"28",6
"922",72,"28",7
"923",73,"28",7
"924",74,"28",7
"925",75,"28",9
"926",76,"28",9
"927",77,"28",9
"928",78,"28",10
"929",79,"28",10
"930",80,"28",10
"931",81,"28",11
"932",82,"28",11
"933",83,"28",11
"934",84,"28",12
"935",85,"28",12
"936",86,"28",12
"937",87,"28",14
"938",88,"28",14
"939",89,"28",14
"940",90,"28",15
"941",91,"28",15
"942",92,"28",15
"943",93,"28",16
"944",94,"28",16
"945",95,"28",16
"946",96,"28",16
"947",97,"28",16
"948",98,"28",16
"949",99,"28",17
"950",100,"28",17
"951",101,"28",17
"952",102,"28",18
"953",103,"28",18
"954",104,"28",18
"955",105,"28",18
"956",106,"28",18
"957",107,"28",18
"958",108,"28",19
"959",109,"28",19
"960",110,"28",19
"961",111,"28",19
"962",112,"28",19
"963",113,"28",19
"964",114,"28",20
"965",115,"28",20
"966",116,"28",20
"967",48,"29",0
"968",49,"29",0
"969",50,"29",0
"970",51,"29",0
"971",52,"29",0
"972",53,"29",0
"973",54,"29",1
"974",55,"29",1
"975",56,"29",1
"976",57,"29",2
"977",58,"29",2
"978",59,"29",2
"979",60,"29",3
"980",61,"29",3
"981",62,"29",3
"982",63,"29",4
"983",64,"29",4
"984",65,"29",4
"985",66,"29",5
"986",67,"29",5
"987",68,"29",5
"988",69,"29",6
"989",70,"29",6
"990",71,"29",6
"991",72,"29",8
"992",73,"29",8
"993",74,"29",8
"994",75,"29",9
"995",76,"29",9
"996",77,"29",9
"997",78,"29",10
"998",79,"29",10
"999",80,"29",10
"1000",81,"29",11
"1001",82,"29",11
"1002",83,"29",11
"1003",84,"29",13
"1004",85,"29",13
"1005",86,"29",13
"1006",87,"29",14
"1007",88,"29",14
"1008",89,"29",14
"1009",90,"29",15
"1010",91,"29",15
"1011",92,"29",15
"1012",93,"29",16
"1013",94,"29",16
"1014",95,"29",16
"1015",96,"29",17
"1016",97,"29",17
"1017",98,"29",17
"1018",99,"29",18
"1019",100,"29",18
"1020",101,"29",18
"1021",102,"29",18
"1022",103,"29",18
"1023",104,"29",18
"1024",105,"29",19
"1025",106,"29",19
"1026",107,"29",19
"1027",108,"29",19
"1028",109,"29",19
"1029",110,"29",19
"1030",111,"29",20
"1031",112,"29",20
"1032",113,"29",20
"1033",114,"29",20
"1034",115,"29",20
"1035",116,"29",20
"1036",48,"30",0
"1037",49,"30",0
"1038",50,"30",0
"1039",51,"30",0
"1040",52,"30",0
"1041",53,"30",0
"1042",54,"30",1
"1043",55,"30",1
"1044",56,"30",1
"1045",57,"30",2
"1046",58,"30",2
"1047",59,"30",2
"1048",60,"30",3
"1049",61,"30",3
"1050",62,"30",3
"1051",63,"30",4
"1052",64,"30",4
"1053",65,"30",4
"1054",66,"30",5
"1055",67,"30",5
"1056",68,"30",5
"1057",69,"30",6
"1058",70,"30",6
"1059",71,"30",6
"1060",72,"30",8
"1061",73,"30",8
"1062",74,"30",8
"1063",75,"30",9
"1064",76,"30",9
"1065",77,"30",9
"1066",78,"30",10
"1067",79,"30",10
"1068",80,"30",10
"1069",81,"30",11
"1070",82,"30",11
"1071",83,"30",11
"1072",84,"30",13
"1073",85,"30",13
"1074",86,"30",13
"1075",87,"30",14
"1076",88,"30",14
"1077",89,"30",14
"1078",90,"30",15
"1079",91,"30",15
"1080",92,"30",15
"1081",93,"30",16
"1082",94,"30",16
"1083",95,"30",16
"1084",96,"30",17
"1085",97,"30",17
"1086",98,"30",17
"1087",99,"30",18
"1088",100,"30",18
"1089",101,"30",18
"1090",102,"30",18
"1091",103,"30",18
"1092",104,"30",18
"1093",105,"30",19
"1094",106,"30",19
"1095",107,"30",19
"1096",108,"30",19
"1097",109,"30",19
"1098",110,"30",19
"1099",111,"30",20
"1100",112,"30",20
"1101",113,"30",20
"1102",114,"30",20
"1103",115,"30",20
"1104",116,"30",20
"1105",48,"31",0
"1106",49,"31",0
"1107",50,"31",0
"1108",51,"31",0
"1109",52,"31",0
"1110",53,"31",0
"1111",54,"31",1
"1112",55,"31",1
"1113",56,"31",1
"1114",57,"31",2
"1115",58,"31",2
"1116",59,"31",2
"1117",60,"31",3
"1118",61,"31",3
"1119",62,"31",3
"1120",63,"31",4
"1121",64,"31",4
"1122",65,"31",4
"1123",66,"31",5
"1124",67,"31",5
"1125",68,"31",5
"1126",69,"31",6
"1127",70,"31",6
"1128",71,"31",6
"1129",72,"31",8
"1130",73,"31",8
"1131",74,"31",8
"1132",75,"31",9
"1133",76,"31",9
"1134",77,"31",9
"1135",78,"31",10
"1136",79,"31",10
"1137",80,"31",10
"1138",81,"31",11
"1139",82,"31",11
"1140",83,"31",11
"1141",84,"31",13
"1142",85,"31",13
"1143",86,"31",13
"1144",87,"31",14
"1145",88,"31",14
"1146",89,"31",14
"1147",90,"31",15
"1148",91,"31",15
"1149",92,"31",15
"1150",93,"31",16
"1151",94,"31",16
"1152",95,"31",16
"1153",96,"31",17
"1154",97,"31",17
"1155",98,"31",17
"1156",99,"31",18
"1157",100,"31",18
"1158",101,"31",18
"1159",102,"31",18
"1160",103,"31",18
"1161",104,"31",18
"1162",105,"31",19
"1163",106,"31",19
"1164",107,"31",19
"1165",108,"31",19
"1166",109,"31",19
"1167",110,"31",19
"1168",111,"31",20
"1169",112,"31",20
"1170",113,"31",20
"1171",114,"31",20
"1172",115,"31",20
"1173",116,"31",20
"1174",48,"32",0
"1175",49,"32",0
"1176",50,"32",0
"1177",51,"32",0
"1178",52,"32",0
"1179",53,"32",0
"1180",54,"32",1
"1181",55,"32",1
"1182",56,"32",1
"1183",57,"32",2
"1184",58,"32",2
"1185",59,"32",2
"1186",60,"32",3
"1187",61,"32",3
"1188",62,"32",3
"1189",63,"32",4
"1190",64,"32",4
"1191",65,"32",4
"1192",66,"32",5
"1193",67,"32",5
"1194",68,"32",5
"1195",69,"32",7
"1196",70,"32",7
"1197",71,"32",7
"1198",72,"32",8
"1199",73,"32",8
"1200",74,"32",8
"1201",75,"32",9
"1202",76,"32",9
"1203",77,"32",9
"1204",78,"32",11
"1205",79,"32",11
"1206",80,"32",11
"1207",81,"32",12
"1208",82,"32",12
"1209",83,"32",12
"1210",84,"32",13
"1211",85,"32",13
"1212",86,"32",13
"1213",87,"32",15
"1214",88,"32",15
"1215",89,"32",15
"1216",90,"32",16
"1217",91,"32",16
"1218",92,"32",16
"1219",93,"32",17
"1220",94,"32",17
"1221",95,"32",17
"1222",96,"32",17
"1223",97,"32",17
"1224",98,"32",17
"1225",99,"32",18
"1226",100,"32",18
"1227",101,"32",18
"1228",102,"32",19
"1229",103,"32",19
"1230",104,"32",19
"1231",105,"32",19
"1232",106,"32",19
"1233",107,"32",19
"1234",108,"32",20
"1235",109,"32",20
"1236",110,"32",20
"1237",111,"32",20
"1238",112,"32",20
"1239",113,"32",20
"1240",114,"32",21
"1241",115,"32",21
"1242",116,"32",21
"1243",48,"33",0
"1244",49,"33",0
"1245",50,"33",0
"1246",51,"33",0
"1247",52,"33",0
"1248",53,"33",0
"1249",54,"33",1
"1250",55,"33",1
"1251",56,"33",1
"1252",57,"33",2
"1253",58,"33",2
"1254",59,"33",2
"1255",60,"33",3
"1256",61,"33",3
"1257",62,"33",3
"1258",63,"33",4
"1259",64,"33",4
"1260",65,"33",4
"1261",66,"33",5
"1262",67,"33",5
"1263",68,"33",5
"1264",69,"33",7
"1265",70,"33",7
"1266",71,"33",7
"1267",72,"33",8
"1268",73,"33",8
"1269",74,"33",8
"1270",75,"33",9
"1271",76,"33",9
"1272",77,"33",9
"1273",78,"33",11
"1274",79,"33",11
"1275",80,"33",11
"1276",81,"33",12
"1277",82,"33",12
"1278",83,"33",12
"1279",84,"33",13
"1280",85,"33",13
"1281",86,"33",13
"1282",87,"33",15
"1283",88,"33",15
"1284",89,"33",15
"1285",90,"33",16
"1286",91,"33",16
"1287",92,"33",16
"1288",93,"33",17
"1289",94,"33",17
"1290",95,"33",17
"1291",96,"33",17
"1292",97,"33",17
"1293",98,"33",17
"1294",99,"33",18
"1295",100,"33",18
"1296",101,"33",18
"1297",102,"33",19
"1298",103,"33",19
"1299",104,"33",19
"1300",105,"33",19
"1301",106,"33",19
"1302",107,"33",19
"1303",108,"33",20
"1304",109,"33",20
"1305",110,"33",20
"1306",111,"33",20
"1307",112,"33",20
"1308",113,"33",20
"1309",114,"33",21
"1310",115,"33",21
"1311",116,"33",21
"1312",48,"34",0
"1313",49,"34",0
"1314",50,"34",0
"1315",51,"34",0
"1316",52,"34",0
"1317",53,"34",0
"1318",54,"34",1
"1319",55,"34",1
"1320",56,"34",1
"1321",57,"34",2
"1322",58,"34",2
"1323",59,"34",2
"1324",60,"34",3
"1325",61,"34",3
"1326",62,"34",3
"1327",63,"34",4
"1328",64,"34",4
"1329",65,"34",4
"1330",66,"34",5
"1331",67,"34",5
"1332",68,"34",5
"1333",69,"34",7
"1334",70,"34",7
"1335",71,"34",7
"1336",72,"34",8
"1337",73,"34",8
"1338",74,"34",8
"1339",75,"34",9
"1340",76,"34",9
"1341",77,"34",9
"1342",78,"34",11
"1343",79,"34",11
"1344",80,"34",11
"1345",81,"34",12
"1346",82,"34",12
"1347",83,"34",12
"1348",84,"34",13
"1349",85,"34",13
"1350",86,"34",13
"1351",87,"34",15
"1352",88,"34",15
"1353",89,"34",15
"1354",90,"34",16
"1355",91,"34",16
"1356",92,"34",16
"1357",93,"34",17
"1358",94,"34",17
"1359",95,"34",17
"1360",96,"34",17
"1361",97,"34",17
"1362",98,"34",17
"1363",99,"34",18
"1364",100,"34",18
"1365",101,"34",18
"1366",102,"34",19
"1367",103,"34",19
"1368",104,"34",19
"1369",105,"34",19
"1370",106,"34",19
"1371",107,"34",19
"1372",108,"34",20
"1373",109,"34",20
"1374",110,"34",20
"1375",111,"34",20
"1376",112,"34",20
"1377",113,"34",20
"1378",114,"34",21
"1379",115,"34",21
"1380",116,"34",21
"1381",48,"35",0
"1382",49,"35",0
"1383",50,"35",0
"1384",51,"35",0
"1385",52,"35",0
"1386",53,"35",0
"1387",54,"35",1
"1388",55,"35",1
"1389",56,"35",1
"1390",57,"35",2
"1391",58,"35",2
"1392",59,"35",2
"1393",60,"35",3
"1394",61,"35",3
"1395",62,"35",3
"1396",63,"35",4
"1397",64,"35",4
"1398",65,"35",4
"1399",66,"35",6
"1400",67,"35",6
"1401",68,"35",6
"1402",69,"35",7
"1403",70,"35",7
"1404",71,"35",7
"1405",72,"35",8
"1406",73,"35",8
"1407",74,"35",8
"1408",75,"35",10
"1409",76,"35",10
"1410",77,"35",10
"1411",78,"35",11
"1412",79,"35",11
"1413",80,"35",11
"1414",81,"35",12
"1415",82,"35",12
"1416",83,"35",12
"1417",84,"35",14
"1418",85,"35",14
"1419",86,"35",14
"1420",87,"35",15
"1421",88,"35",15
"1422",89,"35",15
"1423",90,"35",16
"1424",91,"35",16
"1425",92,"35",16
"1426",93,"35",17
"1427",94,"35",17
"1428",95,"35",17
"1429",96,"35",18
"1430",97,"35",18
"1431",98,"35",18
"1432",99,"35",19
"1433",100,"35",19
"1434",101,"35",19
"1435",102,"35",19
"1436",103,"35",19
"1437",104,"35",19
"1438",105,"35",20
"1439",106,"35",20
"1440",107,"35",20
"1441",108,"35",20
"1442",109,"35",20
"1443",110,"35",20
"1444",111,"35",21
"1445",112,"35",21
"1446",113,"35",21
"1447",114,"35",21
"1448",115,"35",21
"1449",116,"35",21
"1450",48,"36",0
"1451",49,"36",0
"1452",50,"36",0
"1453",51,"36",0
"1454",52,"36",0
"1455",53,"36",0
"1456",54,"36",1
"1457",55,"36",1
"1458",56,"36",1
"1459",57,"36",2
"1460",58,"36",2
"1461",59,"36",2
"1462",60,"36",3
"1463",61,"36",3
"1464",62,"36",3
"1465",63,"36",4
"1466",64,"36",4
"1467",65,"36",4
"1468",66,"36",6
"1469",67,"36",6
"1470",68,"36",6
"1471",69,"36",7
"1472",70,"36",7
"1473",71,"36",7
"1474",72,"36",8
"1475",73,"36",8
"1476",74,"36",8
"1477",75,"36",10
"1478",76,"36",10
"1479",77,"36",10
"1480",78,"36",11
"1481",79,"36",11
"1482",80,"36",11
"1483",81,"36",12
"1484",82,"36",12
"1485",83,"36",12
"1486",84,"36",14
"1487",85,"36",14
"1488",86,"36",14
"1489",87,"36",15
"1490",88,"36",15
"1491",89,"36",15
"1492",90,"36",16
"1493",91,"36",16
"1494",92,"36",16
"1495",93,"36",17
"1496",94,"36",17
"1497",95,"36",17
"1498",96,"36",18
"1499",97,"36",18
"1500",98,"36",18
"1501",99,"36",19
"1502",100,"36",19
"1503",101,"36",19
"1504",102,"36",19
"1505",103,"36",19
"1506",104,"36",19
"1507",105,"36",20
"1508",106,"36",20
"1509",107,"36",20
"1510",108,"36",20
"1511",109,"36",20
"1512",110,"36",20
"1513",111,"36",21
"1514",112,"36",21
"1515",113,"36",21
"1516",114,"36",21
"1517",115,"36",21
"1518",116,"36",21
"1519",48,"37",0
"1520",49,"37",0
"1521",50,"37",0
"1522",51,"37",0
"1523",52,"37",0
"1524",53,"37",0
"1525",54,"37",1
"1526",55,"37",1
"1527",56,"37",1
"1528",57,"37",2
"1529",58,"37",2
"1530",59,"37",2
"1531",60,"37",3
"1532",61,"37",3
"1533",62,"37",3
"1534",63,"37",4
"1535",64,"37",4
"1536",65,"37",4
"1537",66,"37",6
"1538",67,"37",6
"1539",68,"37",6
"1540",69,"37",7
"1541",70,"37",7
"1542",71,"37",7
"1543",72,"37",8
"1544",73,"37",8
"1545",74,"37",8
"1546",75,"37",10
"1547",76,"37",10
"1548",77,"37",10
"1549",78,"37",11
"1550",79,"37",11
"1551",80,"37",11
"1552",81,"37",12
"1553",82,"37",12
"1554",83,"37",12
"1555",84,"37",14
"1556",85,"37",14
"1557",86,"37",14
"1558",87,"37",15
"1559",88,"37",15
"1560",89,"37",15
"1561",90,"37",16
"1562",91,"37",16
"1563",92,"37",16
"1564",93,"37",17
"1565",94,"37",17
"1566",95,"37",17
"1567",96,"37",18
"1568",97,"37",18
"1569",98,"37",18
"1570",99,"37",19
"1571",100,"37",19
"1572",101,"37",19
"1573",102,"37",19
"1574",103,"37",19
"1575",104,"37",19
"1576",105,"37",20
"1577",106,"37",20
"1578",107,"37",20
"1579",108,"37",20
"1580",109,"37",20
"1581",110,"37",20
"1582",111,"37",21
"1583",112,"37",21
"1584",113,"37",21
"1585",114,"37",21
"1586",115,"37",21
"1587",116,"37",21
"1588",48,"38",0
"1589",49,"38",0
"1590",50,"38",0
"1591",51,"38",0
"1592",52,"38",0
"1593",53,"38",0
"1594",54,"38",1
"1595",55,"38",1
"1596",56,"38",1
"1597",57,"38",2
"1598",58,"38",2
"1599",59,"38",2
"1600",60,"38",4
"1601",61,"38",4
"1602",62,"38",4
"1603",63,"38",5
"1604",64,"38",5
"1605",65,"38",5
"1606",66,"38",6
"1607",67,"38",6
"1608",68,"38",6
"1609",69,"38",7
"1610",70,"38",7
"1611",71,"38",7
"1612",72,"38",9
"1613",73,"38",9
"1614",74,"38",9
"1615",75,"38",10
"1616",76,"38",10
"1617",77,"38",10
"1618",78,"38",12
"1619",79,"38",12
"1620",80,"38",12
"1621",81,"38",13
"1622",82,"38",13
"1623",83,"38",13
"1624",84,"38",14
"1625",85,"38",14
"1626",86,"38",14
"1627",87,"38",16
"1628",88,"38",16
"1629",89,"38",16
"1630",90,"38",17
"1631",91,"38",17
"1632",92,"38",17
"1633",93,"38",18
"1634",94,"38",18
"1635",95,"38",18
"1636",96,"38",19
"1637",97,"38",19
"1638",98,"38",19
"1639",99,"38",19
"1640",100,"38",19
"1641",101,"38",19
"1642",102,"38",20
"1643",103,"38",20
"1644",104,"38",20
"1645",105,"38",20
"1646",106,"38",20
"1647",107,"38",20
"1648",108,"38",21
"1649",109,"38",21
"1650",110,"38",21
"1651",111,"38",21
"1652",112,"38",21
"1653",113,"38",21
"1654",114,"38",22
"1655",115,"38",22
"1656",116,"38",22
"1657",48,"39",0
"1658",49,"39",0
"1659",50,"39",0
"1660",51,"39",0
"1661",52,"39",0
"1662",53,"39",0
"1663",54,"39",1
"1664",55,"39",1
"1665",56,"39",1
"1666",57,"39",2
"1667",58,"39",2
"1668",59,"39",2
"1669",60,"39",4
"1670",61,"39",4
"1671",62,"39",4
"1672",63,"39",5
"1673",64,"39",5
"1674",65,"39",5
"1675",66,"39",6
"1676",67,"39",6
"1677",68,"39",6
"1678",69,"39",7
"1679",70,"39",7
"1680",71,"39",7
"1681",72,"39",9
"1682",73,"39",9
"1683",74,"39",9
"1684",75,"39",10
"1685",76,"39",10
"1686",77,"39",10
"1687",78,"39",12
"1688",79,"39",12
"1689",80,"39",12
"1690",81,"39",13
"1691",82,"39",13
"1692",83,"39",13
"1693",84,"39",14
"1694",85,"39",14
"1695",86,"39",14
"1696",87,"39",16
"1697",88,"39",16
"1698",89,"39",16
"1699",90,"39",17
"1700",91,"39",17
"1701",92,"39",17
"1702",93,"39",18
"1703",94,"39",18
"1704",95,"39",18
"1705",96,"39",19
"1706",97,"39",19
"1707",98,"39",19
"1708",99,"39",19
"1709",100,"39",19
"1710",101,"39",19
"1711",102,"39",20
"1712",103,"39",20
"1713",104,"39",20
"1714",105,"39",20
"1715",106,"39",20
"1716",107,"39",20
"1717",108,"39",21
"1718",109,"39",21
"1719",110,"39",21
"1720",111,"39",21
"1721",112,"39",21
"1722",113,"39",21
"1723",114,"39",22
"1724",115,"39",22
"1725",116,"39",22
"1726",48,"40",0
"1727",49,"40",0
"1728",50,"40",0
"1729",51,"40",0
"1730",52,"40",0
"1731",53,"40",0
"1732",54,"40",1
"1733",55,"40",1
"1734",56,"40",1
"1735",57,"40",2
"1736",58,"40",2
"1737",59,"40",2
"1738",60,"40",4
"1739",61,"40",4
"1740",62,"40",4
"1741",63,"40",5
"1742",64,"40",5
"1743",65,"40",5
"1744",66,"40",6
"1745",67,"40",6
"1746",68,"40",6
"1747",69,"40",7
"1748",70,"40",7
"1749",71,"40",7
"1750",72,"40",9
"1751",73,"40",9
"1752",74,"40",9
"1753",75,"40",10
"1754",76,"40",10
"1755",77,"40",10
"1756",78,"40",12
"1757",79,"40",12
"1758",80,"40",12
"1759",81,"40",13
"1760",82,"40",13
"1761",83,"40",13
"1762",84,"40",14
"1763",85,"40",14
"1764",86,"40",14
"1765",87,"40",16
"1766",88,"40",16
"1767",89,"40",16
"1768",90,"40",17
"1769",91,"40",17
"1770",92,"40",17
"1771",93,"40",18
"1772",94,"40",18
"1773",95,"40",18
"1774",96,"40",19
"1775",97,"40",19
"1776",98,"40",19
"1777",99,"40",19
"1778",100,"40",19
"1779",101,"40",19
"1780",102,"40",20
"1781",103,"40",20
"1782",104,"40",20
"1783",105,"40",20
"1784",106,"40",20
"1785",107,"40",20
"1786",108,"40",21
"1787",109,"40",21
"1788",110,"40",21
"1789",111,"40",21
"1790",112,"40",21
"1791",113,"40",21
"1792",114,"40",22
"1793",115,"40",22
"1794",116,"40",22
"1795",48,"41",0
"1796",49,"41",0
"1797",50,"41",0
"1798",51,"41",0
"1799",52,"41",0
"1800",53,"41",0
"1801",54,"41",1
"1802",55,"41",1
"1803",56,"41",1
"1804",57,"41",3
"1805",58,"41",3
"1806",59,"41",3
"1807",60,"41",4
"1808",61,"41",4
"1809",62,"41",4
"1810",63,"41",5
"1811",64,"41",5
"1812",65,"41",5
"1813",66,"41",6
"1814",67,"41",6
"1815",68,"41",6
"1816",69,"41",8
"1817",70,"41",8
"1818",71,"41",8
"1819",72,"41",9
"1820",73,"41",9
"1821",74,"41",9
"1822",75,"41",11
"1823",76,"41",11
"1824",77,"41",11
"1825",78,"41",12
"1826",79,"41",12
"1827",80,"41",12
"1828",81,"41",14
"1829",82,"41",14
"1830",83,"41",14
"1831",84,"41",15
"1832",85,"41",15
"1833",86,"41",15
"1834",87,"41",16
"1835",88,"41",16
"1836",89,"41",16
"1837",90,"41",18
"1838",91,"41",18
"1839",92,"41",18
"1840",93,"41",18
"1841",94,"41",18
"1842",95,"41",18
"1843",96,"41",19
"1844",97,"41",19
"1845",98,"41",19
"1846",99,"41",20
"1847",100,"41",20
"1848",101,"41",20
"1849",102,"41",21
"1850",103,"41",21
"1851",104,"41",21
"1852",105,"41",21
"1853",106,"41",21
"1854",107,"41",21
"1855",108,"41",22
"1856",109,"41",22
"1857",110,"41",22
"1858",111,"41",22
"1859",112,"41",22
"1860",113,"41",22
"1861",114,"41",22
"1862",115,"41",22
"1863",116,"41",22
"1864",48,"42",0
"1865",49,"42",0
"1866",50,"42",0
"1867",51,"42",0
"1868",52,"42",0
"1869",53,"42",0
"1870",54,"42",1
"1871",55,"42",1
"1872",56,"42",1
"1873",57,"42",3
"1874",58,"42",3
"1875",59,"42",3
"1876",60,"42",4
"1877",61,"42",4
"1878",62,"42",4
"1879",63,"42",5
"1880",64,"42",5
"1881",65,"42",5
"1882",66,"42",6
"1883",67,"42",6
"1884",68,"42",6
"1885",69,"42",8
"1886",70,"42",8
"1887",71,"42",8
"1888",72,"42",9
"1889",73,"42",9
"1890",74,"42",9
"1891",75,"42",11
"1892",76,"42",11
"1893",77,"42",11
"1894",78,"42",12
"1895",79,"42",12
"1896",80,"42",12
"1897",81,"42",14
"1898",82,"42",14
"1899",83,"42",14
"1900",84,"42",15
"1901",85,"42",15
"1902",86,"42",15
"1903",87,"42",16
"1904",88,"42",16
"1905",89,"42",16
"1906",90,"42",18
"1907",91,"42",18
"1908",92,"42",18
"1909",93,"42",18
"1910",94,"42",18
"1911",95,"42",18
"1912",96,"42",19
"1913",97,"42",19
"1914",98,"42",19
"1915",99,"42",20
"1916",100,"42",20
"1917",101,"42",20
"1918",102,"42",21
"1919",103,"42",21
"1920",104,"42",21
"1921",105,"42",21
"1922",106,"42",21
"1923",107,"42",21
"1924",108,"42",22
"1925",109,"42",22
"1926",110,"42",22
"1927",111,"42",22
"1928",112,"42",22
"1929",113,"42",22
"1930",114,"42",22
"1931",115,"42",22
"1932",116,"42",22
"1933",48,"43",0
"1934",49,"43",0
"1935",50,"43",0
"1936",51,"43",0
"1937",52,"43",0
"1938",53,"43",0
"1939",54,"43",1
"1940",55,"43",1
"1941",56,"43",1
"1942",57,"43",3
"1943",58,"43",3
"1944",59,"43",3
"1945",60,"43",4
"1946",61,"43",4
"1947",62,"43",4
"1948",63,"43",5
"1949",64,"43",5
"1950",65,"43",5
"1951",66,"43",6
"1952",67,"43",6
"1953",68,"43",6
"1954",69,"43",8
"1955",70,"43",8
"1956",71,"43",8
"1957",72,"43",9
"1958",73,"43",9
"1959",74,"43",9
"1960",75,"43",11
"1961",76,"43",11
"1962",77,"43",11
"1963",78,"43",12
"1964",79,"43",12
"1965",80,"43",12
"1966",81,"43",14
"1967",82,"43",14
"1968",83,"43",14
"1969",84,"43",15
"1970",85,"43",15
"1971",86,"43",15
"1972",87,"43",16
"1973",88,"43",16
"1974",89,"43",16
"1975",90,"43",18
"1976",91,"43",18
"1977",92,"43",18
"1978",93,"43",18
"1979",94,"43",18
"1980",95,"43",18
"1981",96,"43",19
"1982",97,"43",19
"1983",98,"43",19
"1984",99,"43",20
"1985",100,"43",20
"1986",101,"43",20
"1987",102,"43",21
"1988",103,"43",21
"1989",104,"43",21
"1990",105,"43",21
"1991",106,"43",21
"1992",107,"43",21
"1993",108,"43",22
"1994",109,"43",22
"1995",110,"43",22
"1996",111,"43",22
"1997",112,"43",22
"1998",113,"43",22
"1999",114,"43",22
"2000",115,"43",22
"2001",116,"43",22
"2002",48,"44",0
"2003",49,"44",0
"2004",50,"44",0
"2005",51,"44",0
"2006",52,"44",0
"2007",53,"44",0
"2008",54,"44",2
"2009",55,"44",2
"2010",56,"44",2
"2011",57,"44",3
"2012",58,"44",3
"2013",59,"44",3
"2014",60,"44",4
"2015",61,"44",4
"2016",62,"44",4
"2017",63,"44",6
"2018",64,"44",6
"2019",65,"44",6
"2020",66,"44",7
"2021",67,"44",7
"2022",68,"44",7
"2023",69,"44",8
"2024",70,"44",8
"2025",71,"44",8
"2026",72,"44",10
"2027",73,"44",10
"2028",74,"44",10
"2029",75,"44",11
"2030",76,"44",11
"2031",77,"44",11
"2032",78,"44",13
"2033",79,"44",13
"2034",80,"44",13
"2035",81,"44",14
"2036",82,"44",14
"2037",83,"44",14
"2038",84,"44",16
"2039",85,"44",16
"2040",86,"44",16
"2041",87,"44",17
"2042",88,"44",17
"2043",89,"44",17
"2044",90,"44",18
"2045",91,"44",18
"2046",92,"44",18
"2047",93,"44",19
"2048",94,"44",19
"2049",95,"44",19
"2050",96,"44",20
"2051",97,"44",20
"2052",98,"44",20
"2053",99,"44",21
"2054",100,"44",21
"2055",101,"44",21
"2056",102,"44",21
"2057",103,"44",21
"2058",104,"44",21
"2059",105,"44",22
"2060",106,"44",22
"2061",107,"44",22
"2062",108,"44",22
"2063",109,"44",22
"2064",110,"44",22
"2065",111,"44",23
"2066",112,"44",23
"2067",113,"44",23
"2068",114,"44",23
"2069",115,"44",23
"2070",116,"44",23
"2071",48,"45",0
"2072",49,"45",0
"2073",50,"45",0
"2074",51,"45",0
"2075",52,"45",0
"2076",53,"45",0
"2077",54,"45",2
"2078",55,"45",2
"2079",56,"45",2
"2080",57,"45",3
"2081",58,"45",3
"2082",59,"45",3
"2083",60,"45",4
"2084",61,"45",4
"2085",62,"45",4
"2086",63,"45",6
"2087",64,"45",6
"2088",65,"45",6
"2089",66,"45",7
"2090",67,"45",7
"2091",68,"45",7
"2092",69,"45",8
"2093",70,"45",8
"2094",71,"45",8
"2095",72,"45",10
"2096",73,"45",10
"2097",74,"45",10
"2098",75,"45",11
"2099",76,"45",11
"2100",77,"45",11
"2101",78,"45",13
"2102",79,"45",13
"2103",80,"45",13
"2104",81,"45",14
"2105",82,"45",14
"2106",83,"45",14
"2107",84,"45",16
"2108",85,"45",16
"2109",86,"45",16
"2110",87,"45",17
"2111",88,"45",17
"2112",89,"45",17
"2113",90,"45",18
"2114",91,"45",18
"2115",92,"45",18
"2116",93,"45",19
"2117",94,"45",19
"2118",95,"45",19
"2119",96,"45",20
"2120",97,"45",20
"2121",98,"45",20
"2122",99,"45",21
"2123",100,"45",21
"2124",101,"45",21
"2125",102,"45",21
"2126",103,"45",21
"2127",104,"45",21
"2128",105,"45",22
"2129",106,"45",22
"2130",107,"45",22
"2131",108,"45",22
"2132",109,"45",22
"2133",110,"45",22
"2134",111,"45",23
"2135",112,"45",23
"2136",113,"45",23
"2137",114,"45",23
"2138",115,"45",23
"2139",116,"45",23
"2140",48,"46",0
"2141",49,"46",0
"2142",50,"46",0
"2143",51,"46",0
"2144",52,"46",0
"2145",53,"46",0
"2146",54,"46",2
"2147",55,"46",2
"2148",56,"46",2
"2149",57,"46",3
"2150",58,"46",3
"2151",59,"46",3
"2152",60,"46",4
"2153",61,"46",4
"2154",62,"46",4
"2155",63,"46",6
"2156",64,"46",6
"2157",65,"46",6
"2158",66,"46",7
"2159",67,"46",7
"2160",68,"46",7
"2161",69,"46",8
"2162",70,"46",8
"2163",71,"46",8
"2164",72,"46",10
"2165",73,"46",10
"2166",74,"46",10
"2167",75,"46",11
"2168",76,"46",11
"2169",77,"46",11
"2170",78,"46",13
"2171",79,"46",13
"2172",80,"46",13
"2173",81,"46",14
"2174",82,"46",14
"2175",83,"46",14
"2176",84,"46",16
"2177",85,"46",16
"2178",86,"46",16
"2179",87,"46",17
"2180",88,"46",17
"2181",89,"46",17
"2182",90,"46",18
"2183",91,"46",18
"2184",92,"46",18
"2185",93,"46",19
"2186",94,"46",19
"2187",95,"46",19
"2188",96,"46",20
"2189",97,"46",20
"2190",98,"46",20
"2191",99,"46",21
"2192",100,"46",21
"2193",101,"46",21
"2194",102,"46",21
"2195",103,"46",21
"2196",104,"46",21
"2197",105,"46",22
"2198",106,"46",22
"2199",107,"46",22
"2200",108,"46",22
"2201",109,"46",22
"2202",110,"46",22
"2203",111,"46",23
"2204",112,"46",23
"2205",113,"46",23
"2206",114,"46",23
"2207",115,"46",23
"2208",116,"46",23
"2209",48,"47",0
"2210",49,"47",0
"2211",50,"47",0
"2212",51,"47",1
"2213",52,"47",1
"2214",53,"47",1
"2215",54,"47",2
"2216",55,"47",2
"2217",56,"47",2
"2218",57,"47",3
"2219",58,"47",3
"2220",59,"47",3
"2221",60,"47",5
"2222",61,"47",5
"2223",62,"47",5
"2224",63,"47",6
"2225",64,"47",6
"2226",65,"47",6
"2227",66,"47",8
"2228",67,"47",8
"2229",68,"47",8
"2230",69,"47",9
"2231",70,"47",9
"2232",71,"47",9
"2233",72,"47",11
"2234",73,"47",11
"2235",74,"47",11
"2236",75,"47",12
"2237",76,"47",12
"2238",77,"47",12
"2239",78,"47",14
"2240",79,"47",14
"2241",80,"47",14
"2242",81,"47",15
"2243",82,"47",15
"2244",83,"47",15
"2245",84,"47",17
"2246",85,"47",17
"2247",86,"47",17
"2248",87,"47",18
"2249",88,"47",18
"2250",89,"47",18
"2251",90,"47",19
"2252",91,"47",19
"2253",92,"47",19
"2254",93,"47",20
"2255",94,"47",20
"2256",95,"47",20
"2257",96,"47",21
"2258",97,"47",21
"2259",98,"47",21
"2260",99,"47",22
"2261",100,"47",22
"2262",101,"47",22
"2263",102,"47",22
"2264",103,"47",22
"2265",104,"47",22
"2266",105,"47",23
"2267",106,"47",23
"2268",107,"47",23
"2269",108,"47",23
"2270",109,"47",23
"2271",110,"47",23
"2272",111,"47",24
"2273",112,"47",24
"2274",113,"47",24
"2275",114,"47",24
"2276",115,"47",24
"2277",116,"47",24
"2278",48,"48",0
"2279",49,"48",0
"2280",50,"48",0
"2281",51,"48",1
"2282",52,"48",1
"2283",53,"48",1
"2284",54,"48",2
"2285",55,"48",2
"2286",56,"48",2
"2287",57,"48",3
"2288",58,"48",3
"2289",59,"48",3
"2290",60,"48",5
"2291",61,"48",5
"2292",62,"48",5
"2293",63,"48",6
"2294",64,"48",6
"2295",65,"48",6
"2296",66,"48",8
"2297",67,"48",8
"2298",68,"48",8
"2299",69,"48",9
"2300",70,"48",9
"2301",71,"48",9
"2302",72,"48",11
"2303",73,"48",11
"2304",74,"48",11
"2305",75,"48",12
"2306",76,"48",12
"2307",77,"48",12
"2308",78,"48",14
"2309",79,"48",14
"2310",80,"48",14
"2311",81,"48",15
"2312",82,"48",15
"2313",83,"48",15
"2314",84,"48",17
"2315",85,"48",17
"2316",86,"48",17
"2317",87,"48",18
"2318",88,"48",18
"2319",89,"48",18
"2320",90,"48",19
"2321",91,"48",19
"2322",92,"48",19
"2323",93,"48",20
"2324",94,"48",20
"2325",95,"48",20
"2326",96,"48",21
"2327",97,"48",21
"2328",98,"48",21
"2329",99,"48",22
"2330",100,"48",22
"2331",101,"48",22
"2332",102,"48",22
"2333",103,"48",22
"2334",104,"48",22
"2335",105,"48",23
"2336",106,"48",23
"2337",107,"48",23
"2338",108,"48",23
"2339",109,"48",23
"2340",110,"48",23
"2341",111,"48",24
"2342",112,"48",24
"2343",113,"48",24
"2344",114,"48",24
"2345",115,"48",24
"2346",116,"48",24
"2347",48,"49",0
"2348",49,"49",0
"2349",50,"49",0
"2350",51,"49",1
"2351",52,"49",1
"2352",53,"49",1
"2353",54,"49",2
"2354",55,"49",2
"2355",56,"49",2
"2356",57,"49",3
"2357",58,"49",3
"2358",59,"49",3
"2359",60,"49",5
"2360",61,"49",5
"2361",62,"49",5
"2362",63,"49",6
"2363",64,"49",6
"2364",65,"49",6
"2365",66,"49",8
"2366",67,"49",8
"2367",68,"49",8
"2368",69,"49",9
"2369",70,"49",9
"2370",71,"49",9
"2371",72,"49",11
"2372",73,"49",11
"2373",74,"49",11
"2374",75,"49",12
"2375",76,"49",12
"2376",77,"49",12
"2377",78,"49",14
"2378",79,"49",14
"2379",80,"49",14
"2380",81,"49",15
"2381",82,"49",15
"2382",83,"49",15
"2383",84,"49",17
"2384",85,"49",17
"2385",86,"49",17
"2386",87,"49",18
"2387",88,"49",18
"2388",89,"49",18
"2389",90,"49",19
"2390",91,"49",19
"2391",92,"49",19
"2392",93,"49",20
"2393",94,"49",20
"2394",95,"49",20
"2395",96,"49",21
"2396",97,"49",21
"2397",98,"49",21
"2398",99,"49",22
"2399",100,"49",22
"2400",101,"49",22
"2401",102,"49",22
"2402",103,"49",22
"2403",104,"49",22
"2404",105,"49",23
"2405",106,"49",23
"2406",107,"49",23
"2407",108,"49",23
"2408",109,"49",23
"2409",110,"49",23
"2410",111,"49",24
"2411",112,"49",24
"2412",113,"49",24
"2413",114,"49",24
"2414",115,"49",24
"2415",116,"49",24
"2416",48,"50",NA
"2417",49,"50",NA
"2418",50,"50",NA
"2419",51,"50",2
"2420",52,"50",2
"2421",53,"50",2
"2422",54,"50",3
"2423",55,"50",3
"2424",56,"50",3
"2425",57,"50",5
"2426",58,"50",5
"2427",59,"50",5
"2428",60,"50",6
"2429",61,"50",6
"2430",62,"50",6
"2431",63,"50",8
"2432",64,"50",8
"2433",65,"50",8
"2434",66,"50",9
"2435",67,"50",9
"2436",68,"50",9
"2437",69,"50",11
"2438",70,"50",11
"2439",71,"50",11
"2440",72,"50",12
"2441",73,"50",12
"2442",74,"50",12
"2443",75,"50",14
"2444",76,"50",14
"2445",77,"50",14
"2446",78,"50",15
"2447",79,"50",15
"2448",80,"50",15
"2449",81,"50",17
"2450",82,"50",17
"2451",83,"50",17
"2452",84,"50",18
"2453",85,"50",18
"2454",86,"50",18
"2455",87,"50",20
"2456",88,"50",20
"2457",89,"50",20
"2458",90,"50",21
"2459",91,"50",21
"2460",92,"50",21
"2461",93,"50",22
"2462",94,"50",22
"2463",95,"50",22
"2464",96,"50",22
"2465",97,"50",22
"2466",98,"50",22
"2467",99,"50",23
"2468",100,"50",23
"2469",101,"50",23
"2470",102,"50",23
"2471",103,"50",23
"2472",104,"50",23
"2473",105,"50",24
"2474",106,"50",24
"2475",107,"50",24
"2476",108,"50",24
"2477",109,"50",24
"2478",110,"50",24
"2479",111,"50",25
"2480",112,"50",25
"2481",113,"50",25
"2482",114,"50",25
"2483",115,"50",25
"2484",116,"50",25
"2485",48,"51",NA
"2486",49,"51",NA
"2487",50,"51",NA
"2488",51,"51",2
"2489",52,"51",2
"2490",53,"51",2
"2491",54,"51",3
"2492",55,"51",3
"2493",56,"51",3
"2494",57,"51",5
"2495",58,"51",5
"2496",59,"51",5
"2497",60,"51",6
"2498",61,"51",6
"2499",62,"51",6
"2500",63,"51",8
"2501",64,"51",8
"2502",65,"51",8
"2503",66,"51",9
"2504",67,"51",9
"2505",68,"51",9
"2506",69,"51",11
"2507",70,"51",11
"2508",71,"51",11
"2509",72,"51",12
"2510",73,"51",12
"2511",74,"51",12
"2512",75,"51",14
"2513",76,"51",14
"2514",77,"51",14
"2515",78,"51",15
"2516",79,"51",15
"2517",80,"51",15
"2518",81,"51",17
"2519",82,"51",17
"2520",83,"51",17
"2521",84,"51",18
"2522",85,"51",18
"2523",86,"51",18
"2524",87,"51",20
"2525",88,"51",20
"2526",89,"51",20
"2527",90,"51",21
"2528",91,"51",21
"2529",92,"51",21
"2530",93,"51",22
"2531",94,"51",22
"2532",95,"51",22
"2533",96,"51",22
"2534",97,"51",22
"2535",98,"51",22
"2536",99,"51",23
"2537",100,"51",23
"2538",101,"51",23
"2539",102,"51",23
"2540",103,"51",23
"2541",104,"51",23
"2542",105,"51",24
"2543",106,"51",24
"2544",107,"51",24
"2545",108,"51",24
"2546",109,"51",24
"2547",110,"51",24
"2548",111,"51",25
"2549",112,"51",25
"2550",113,"51",25
"2551",114,"51",25
"2552",115,"51",25
"2553",116,"51",25
"2554",48,"52",NA
"2555",49,"52",NA
"2556",50,"52",NA
"2557",51,"52",2
"2558",52,"52",2
"2559",53,"52",2
"2560",54,"52",3
"2561",55,"52",3
"2562",56,"52",3
"2563",57,"52",5
"2564",58,"52",5
"2565",59,"52",5
"2566",60,"52",6
"2567",61,"52",6
"2568",62,"52",6
"2569",63,"52",8
"2570",64,"52",8
"2571",65,"52",8
"2572",66,"52",9
"2573",67,"52",9
"2574",68,"52",9
"2575",69,"52",11
"2576",70,"52",11
"2577",71,"52",11
"2578",72,"52",12
"2579",73,"52",12
"2580",74,"52",12
"2581",75,"52",14
"2582",76,"52",14
"2583",77,"52",14
"2584",78,"52",15
"2585",79,"52",15
"2586",80,"52",15
"2587",81,"52",17
"2588",82,"52",17
"2589",83,"52",17
"2590",84,"52",18
"2591",85,"52",18
"2592",86,"52",18
"2593",87,"52",20
"2594",88,"52",20
"2595",89,"52",20
"2596",90,"52",21
"2597",91,"52",21
"2598",92,"52",21
"2599",93,"52",22
"2600",94,"52",22
"2601",95,"52",22
"2602",96,"52",22
"2603",97,"52",22
"2604",98,"52",22
"2605",99,"52",23
"2606",100,"52",23
"2607",101,"52",23
"2608",102,"52",23
"2609",103,"52",23
"2610",104,"52",23
"2611",105,"52",24
"2612",106,"52",24
"2613",107,"52",24
"2614",108,"52",24
"2615",109,"52",24
"2616",110,"52",24
"2617",111,"52",25
"2618",112,"52",25
"2619",113,"52",25
"2620",114,"52",25
"2621",115,"52",25
"2622",116,"52",25
"2623",48,"53",NA
"2624",49,"53",NA
"2625",50,"53",NA
"2626",51,"53",NA
"2627",52,"53",NA
"2628",53,"53",NA
"2629",54,"53",5
"2630",55,"53",5
"2631",56,"53",5
"2632",57,"53",6
"2633",58,"53",6
"2634",59,"53",6
"2635",60,"53",8
"2636",61,"53",8
"2637",62,"53",8
"2638",63,"53",9
"2639",64,"53",9
"2640",65,"53",9
"2641",66,"53",11
"2642",67,"53",11
"2643",68,"53",11
"2644",69,"53",12
"2645",70,"53",12
"2646",71,"53",12
"2647",72,"53",14
"2648",73,"53",14
"2649",74,"53",14
"2650",75,"53",15
"2651",76,"53",15
"2652",77,"53",15
"2653",78,"53",17
"2654",79,"53",17
"2655",80,"53",17
"2656",81,"53",18
"2657",82,"53",18
"2658",83,"53",18
"2659",84,"53",20
"2660",85,"53",20
"2661",86,"53",20
"2662",87,"53",21
"2663",88,"53",21
"2664",89,"53",21
"2665",90,"53",22
"2666",91,"53",22
"2667",92,"53",22
"2668",93,"53",23
"2669",94,"53",23
"2670",95,"53",23
"2671",96,"53",24
"2672",97,"53",24
"2673",98,"53",24
"2674",99,"53",24
"2675",100,"53",24
"2676",101,"53",24
"2677",102,"53",25
"2678",103,"53",25
"2679",104,"53",25
"2680",105,"53",25
"2681",106,"53",25
"2682",107,"53",25
"2683",108,"53",26
"2684",109,"53",26
"2685",110,"53",26
"2686",111,"53",26
"2687",112,"53",26
"2688",113,"53",26
"2689",114,"53",26
"2690",115,"53",26
"2691",116,"53",26
"2692",48,"54",NA
"2693",49,"54",NA
"2694",50,"54",NA
"2695",51,"54",NA
"2696",52,"54",NA
"2697",53,"54",NA
"2698",54,"54",5
"2699",55,"54",5
"2700",56,"54",5
"2701",57,"54",6
"2702",58,"54",6
"2703",59,"54",6
"2704",60,"54",8
"2705",61,"54",8
"2706",62,"54",8
"2707",63,"54",9
"2708",64,"54",9
"2709",65,"54",9
"2710",66,"54",11
"2711",67,"54",11
"2712",68,"54",11
"2713",69,"54",12
"2714",70,"54",12
"2715",71,"54",12
"2716",72,"54",14
"2717",73,"54",14
"2718",74,"54",14
"2719",75,"54",15
"2720",76,"54",15
"2721",77,"54",15
"2722",78,"54",17
"2723",79,"54",17
"2724",80,"54",17
"2725",81,"54",18
"2726",82,"54",18
"2727",83,"54",18
"2728",84,"54",20
"2729",85,"54",20
"2730",86,"54",20
"2731",87,"54",21
"2732",88,"54",21
"2733",89,"54",21
"2734",90,"54",22
"2735",91,"54",22
"2736",92,"54",22
"2737",93,"54",23
"2738",94,"54",23
"2739",95,"54",23
"2740",96,"54",24
"2741",97,"54",24
"2742",98,"54",24
"2743",99,"54",24
"2744",100,"54",24
"2745",101,"54",24
"2746",102,"54",25
"2747",103,"54",25
"2748",104,"54",25
"2749",105,"54",25
"2750",106,"54",25
"2751",107,"54",25
"2752",108,"54",26
"2753",109,"54",26
"2754",110,"54",26
"2755",111,"54",26
"2756",112,"54",26
"2757",113,"54",26
"2758",114,"54",26
"2759",115,"54",26
"2760",116,"54",26
"2761",48,"55",NA
"2762",49,"55",NA
"2763",50,"55",NA
"2764",51,"55",NA
"2765",52,"55",NA
"2766",53,"55",NA
"2767",54,"55",5
"2768",55,"55",5
"2769",56,"55",5
"2770",57,"55",6
"2771",58,"55",6
"2772",59,"55",6
"2773",60,"55",8
"2774",61,"55",8
"2775",62,"55",8
"2776",63,"55",9
"2777",64,"55",9
"2778",65,"55",9
"2779",66,"55",11
"2780",67,"55",11
"2781",68,"55",11
"2782",69,"55",12
"2783",70,"55",12
"2784",71,"55",12
"2785",72,"55",14
"2786",73,"55",14
"2787",74,"55",14
"2788",75,"55",15
"2789",76,"55",15
"2790",77,"55",15
"2791",78,"55",17
"2792",79,"55",17
"2793",80,"55",17
"2794",81,"55",18
"2795",82,"55",18
"2796",83,"55",18
"2797",84,"55",20
"2798",85,"55",20
"2799",86,"55",20
"2800",87,"55",21
"2801",88,"55",21
"2802",89,"55",21
"2803",90,"55",22
"2804",91,"55",22
"2805",92,"55",22
"2806",93,"55",23
"2807",94,"55",23
"2808",95,"55",23
"2809",96,"55",24
"2810",97,"55",24
"2811",98,"55",24
"2812",99,"55",24
"2813",100,"55",24
"2814",101,"55",24
"2815",102,"55",25
"2816",103,"55",25
"2817",104,"55",25
"2818",105,"55",25
"2819",106,"55",25
"2820",107,"55",25
"2821",108,"55",26
"2822",109,"55",26
"2823",110,"55",26
"2824",111,"55",26
"2825",112,"55",26
"2826",113,"55",26
"2827",114,"55",26
"2828",115,"55",26
"2829",116,"55",26
"2830",48,"56",NA
"2831",49,"56",NA
"2832",50,"56",NA
"2833",51,"56",NA
"2834",52,"56",NA
"2835",53,"56",NA
"2836",54,"56",NA
"2837",55,"56",NA
"2838",56,"56",NA
"2839",57,"56",8
"2840",58,"56",8
"2841",59,"56",8
"2842",60,"56",9
"2843",61,"56",9
"2844",62,"56",9
"2845",63,"56",11
"2846",64,"56",11
"2847",65,"56",11
"2848",66,"56",12
"2849",67,"56",12
"2850",68,"56",12
"2851",69,"56",14
"2852",70,"56",14
"2853",71,"56",14
"2854",72,"56",15
"2855",73,"56",15
"2856",74,"56",15
"2857",75,"56",17
"2858",76,"56",17
"2859",77,"56",17
"2860",78,"56",18
"2861",79,"56",18
"2862",80,"56",18
"2863",81,"56",20
"2864",82,"56",20
"2865",83,"56",20
"2866",84,"56",21
"2867",85,"56",21
"2868",86,"56",21
"2869",87,"56",23
"2870",88,"56",23
"2871",89,"56",23
"2872",90,"56",24
"2873",91,"56",24
"2874",92,"56",24
"2875",93,"56",24
"2876",94,"56",24
"2877",95,"56",24
"2878",96,"56",25
"2879",97,"56",25
"2880",98,"56",25
"2881",99,"56",26
"2882",100,"56",26
"2883",101,"56",26
"2884",102,"56",26
"2885",103,"56",26
"2886",104,"56",26
"2887",105,"56",27
"2888",106,"56",27
"2889",107,"56",27
"2890",108,"56",27
"2891",109,"56",27
"2892",110,"56",27
"2893",111,"56",27
"2894",112,"56",27
"2895",113,"56",27
"2896",114,"56",28
"2897",115,"56",28
"2898",116,"56",28
"2899",48,"57",NA
"2900",49,"57",NA
"2901",50,"57",NA
"2902",51,"57",NA
"2903",52,"57",NA
"2904",53,"57",NA
"2905",54,"57",NA
"2906",55,"57",NA
"2907",56,"57",NA
"2908",57,"57",8
"2909",58,"57",8
"2910",59,"57",8
"2911",60,"57",9
"2912",61,"57",9
"2913",62,"57",9
"2914",63,"57",11
"2915",64,"57",11
"2916",65,"57",11
"2917",66,"57",12
"2918",67,"57",12
"2919",68,"57",12
"2920",69,"57",14
"2921",70,"57",14
"2922",71,"57",14
"2923",72,"57",15
"2924",73,"57",15
"2925",74,"57",15
"2926",75,"57",17
"2927",76,"57",17
"2928",77,"57",17
"2929",78,"57",18
"2930",79,"57",18
"2931",80,"57",18
"2932",81,"57",20
"2933",82,"57",20
"2934",83,"57",20
"2935",84,"57",21
"2936",85,"57",21
"2937",86,"57",21
"2938",87,"57",23
"2939",88,"57",23
"2940",89,"57",23
"2941",90,"57",24
"2942",91,"57",24
"2943",92,"57",24
"2944",93,"57",24
"2945",94,"57",24
"2946",95,"57",24
"2947",96,"57",25
"2948",97,"57",25
"2949",98,"57",25
"2950",99,"57",26
"2951",100,"57",26
"2952",101,"57",26
"2953",102,"57",26
"2954",103,"57",26
"2955",104,"57",26
"2956",105,"57",27
"2957",106,"57",27
"2958",107,"57",27
"2959",108,"57",27
"2960",109,"57",27
"2961",110,"57",27
"2962",111,"57",27
"2963",112,"57",27
"2964",113,"57",27
"2965",114,"57",28
"2966",115,"57",28
"2967",116,"57",28
"2968",48,"58",NA
"2969",49,"58",NA
"2970",50,"58",NA
"2971",51,"58",NA
"2972",52,"58",NA
"2973",53,"58",NA
"2974",54,"58",NA
"2975",55,"58",NA
"2976",56,"58",NA
"2977",57,"58",8
"2978",58,"58",8
"2979",59,"58",8
"2980",60,"58",9
"2981",61,"58",9
"2982",62,"58",9
"2983",63,"58",11
"2984",64,"58",11
"2985",65,"58",11
"2986",66,"58",12
"2987",67,"58",12
"2988",68,"58",12
"2989",69,"58",14
"2990",70,"58",14
"2991",71,"58",14
"2992",72,"58",15
"2993",73,"58",15
"2994",74,"58",15
"2995",75,"58",17
"2996",76,"58",17
"2997",77,"58",17
"2998",78,"58",18
"2999",79,"58",18
"3000",80,"58",18
"3001",81,"58",20
"3002",82,"58",20
"3003",83,"58",20
"3004",84,"58",21
"3005",85,"58",21
"3006",86,"58",21
"3007",87,"58",23
"3008",88,"58",23
"3009",89,"58",23
"3010",90,"58",24
"3011",91,"58",24
"3012",92,"58",24
"3013",93,"58",24
"3014",94,"58",24
"3015",95,"58",24
"3016",96,"58",25
"3017",97,"58",25
"3018",98,"58",25
"3019",99,"58",26
"3020",100,"58",26
"3021",101,"58",26
"3022",102,"58",26
"3023",103,"58",26
"3024",104,"58",26
"3025",105,"58",27
"3026",106,"58",27
"3027",107,"58",27
"3028",108,"58",27
"3029",109,"58",27
"3030",110,"58",27
"3031",111,"58",27
"3032",112,"58",27
"3033",113,"58",27
"3034",114,"58",28
"3035",115,"58",28
"3036",116,"58",28
"3037",48,"59",NA
"3038",49,"59",NA
"3039",50,"59",NA
"3040",51,"59",NA
"3041",52,"59",NA
"3042",53,"59",NA
"3043",54,"59",NA
"3044",55,"59",NA
"3045",56,"59",NA
"3046",57,"59",NA
"3047",58,"59",NA
"3048",59,"59",NA
"3049",60,"59",11
"3050",61,"59",11
"3051",62,"59",11
"3052",63,"59",12
"3053",64,"59",12
"3054",65,"59",12
"3055",66,"59",14
"3056",67,"59",14
"3057",68,"59",14
"3058",69,"59",15
"3059",70,"59",15
"3060",71,"59",15
"3061",72,"59",17
"3062",73,"59",17
"3063",74,"59",17
"3064",75,"59",18
"3065",76,"59",18
"3066",77,"59",18
"3067",78,"59",20
"3068",79,"59",20
"3069",80,"59",20
"3070",81,"59",21
"3071",82,"59",21
"3072",83,"59",21
"3073",84,"59",23
"3074",85,"59",23
"3075",86,"59",23
"3076",87,"59",24
"3077",88,"59",24
"3078",89,"59",24
"3079",90,"59",25
"3080",91,"59",25
"3081",92,"59",25
"3082",93,"59",26
"3083",94,"59",26
"3084",95,"59",26
"3085",96,"59",27
"3086",97,"59",27
"3087",98,"59",27
"3088",99,"59",27
"3089",100,"59",27
"3090",101,"59",27
"3091",102,"59",28
"3092",103,"59",28
"3093",104,"59",28
"3094",105,"59",28
"3095",106,"59",28
"3096",107,"59",28
"3097",108,"59",28
"3098",109,"59",28
"3099",110,"59",28
"3100",111,"59",29
"3101",112,"59",29
"3102",113,"59",29
"3103",114,"59",29
"3104",115,"59",29
"3105",116,"59",29
"3106",48,"60",NA
"3107",49,"60",NA
"3108",50,"60",NA
"3109",51,"60",NA
"3110",52,"60",NA
"3111",53,"60",NA
"3112",54,"60",NA
"3113",55,"60",NA
"3114",56,"60",NA
"3115",57,"60",NA
"3116",58,"60",NA
"3117",59,"60",NA
"3118",60,"60",11
"3119",61,"60",11
"3120",62,"60",11
"3121",63,"60",12
"3122",64,"60",12
"3123",65,"60",12
"3124",66,"60",14
"3125",67,"60",14
"3126",68,"60",14
"3127",69,"60",15
"3128",70,"60",15
"3129",71,"60",15
"3130",72,"60",17
"3131",73,"60",17
"3132",74,"60",17
"3133",75,"60",18
"3134",76,"60",18
"3135",77,"60",18
"3136",78,"60",20
"3137",79,"60",20
"3138",80,"60",20
"3139",81,"60",21
"3140",82,"60",21
"3141",83,"60",21
"3142",84,"60",23
"3143",85,"60",23
"3144",86,"60",23
"3145",87,"60",24
"3146",88,"60",24
"3147",89,"60",24
"3148",90,"60",25
"3149",91,"60",25
"3150",92,"60",25
"3151",93,"60",26
"3152",94,"60",26
"3153",95,"60",26
"3154",96,"60",27
"3155",97,"60",27
"3156",98,"60",27
"3157",99,"60",27
"3158",100,"60",27
"3159",101,"60",27
"3160",102,"60",28
"3161",103,"60",28
"3162",104,"60",28
"3163",105,"60",28
"3164",106,"60",28
"3165",107,"60",28
"3166",108,"60",28
"3167",109,"60",28
"3168",110,"60",28
"3169",111,"60",29
"3170",112,"60",29
"3171",113,"60",29
"3172",114,"60",29
"3173",115,"60",29
"3174",116,"60",29
"3175",48,"61",NA
"3176",49,"61",NA
"3177",50,"61",NA
"3178",51,"61",NA
"3179",52,"61",NA
"3180",53,"61",NA
"3181",54,"61",NA
"3182",55,"61",NA
"3183",56,"61",NA
"3184",57,"61",NA
"3185",58,"61",NA
"3186",59,"61",NA
"3187",60,"61",11
"3188",61,"61",11
"3189",62,"61",11
"3190",63,"61",12
"3191",64,"61",12
"3192",65,"61",12
"3193",66,"61",14
"3194",67,"61",14
"3195",68,"61",14
"3196",69,"61",15
"3197",70,"61",15
"3198",71,"61",15
"3199",72,"61",17
"3200",73,"61",17
"3201",74,"61",17
"3202",75,"61",18
"3203",76,"61",18
"3204",77,"61",18
"3205",78,"61",20
"3206",79,"61",20
"3207",80,"61",20
"3208",81,"61",21
"3209",82,"61",21
"3210",83,"61",21
"3211",84,"61",23
"3212",85,"61",23
"3213",86,"61",23
"3214",87,"61",24
"3215",88,"61",24
"3216",89,"61",24
"3217",90,"61",25
"3218",91,"61",25
"3219",92,"61",25
"3220",93,"61",26
"3221",94,"61",26
"3222",95,"61",26
"3223",96,"61",27
"3224",97,"61",27
"3225",98,"61",27
"3226",99,"61",27
"3227",100,"61",27
"3228",101,"61",27
"3229",102,"61",28
"3230",103,"61",28
"3231",104,"61",28
"3232",105,"61",28
"3233",106,"61",28
"3234",107,"61",28
"3235",108,"61",28
"3236",109,"61",28
"3237",110,"61",28
"3238",111,"61",29
"3239",112,"61",29
"3240",113,"61",29
"3241",114,"61",29
"3242",115,"61",29
"3243",116,"61",29
"3244",48,"62",NA
"3245",49,"62",NA
"3246",50,"62",NA
"3247",51,"62",NA
"3248",52,"62",NA
"3249",53,"62",NA
"3250",54,"62",NA
"3251",55,"62",NA
"3252",56,"62",NA
"3253",57,"62",NA
"3254",58,"62",NA
"3255",59,"62",NA
"3256",60,"62",NA
"3257",61,"62",NA
"3258",62,"62",NA
"3259",63,"62",14
"3260",64,"62",14
"3261",65,"62",14
"3262",66,"62",15
"3263",67,"62",15
"3264",68,"62",15
"3265",69,"62",17
"3266",70,"62",17
"3267",71,"62",17
"3268",72,"62",18
"3269",73,"62",18
"3270",74,"62",18
"3271",75,"62",20
"3272",76,"62",20
"3273",77,"62",20
"3274",78,"62",21
"3275",79,"62",21
"3276",80,"62",21
"3277",81,"62",23
"3278",82,"62",23
"3279",83,"62",23
"3280",84,"62",24
"3281",85,"62",24
"3282",86,"62",24
"3283",87,"62",26
"3284",88,"62",26
"3285",89,"62",26
"3286",90,"62",27
"3287",91,"62",27
"3288",92,"62",27
"3289",93,"62",27
"3290",94,"62",27
"3291",95,"62",27
"3292",96,"62",28
"3293",97,"62",28
"3294",98,"62",28
"3295",99,"62",28
"3296",100,"62",28
"3297",101,"62",28
"3298",102,"62",29
"3299",103,"62",29
"3300",104,"62",29
"3301",105,"62",29
"3302",106,"62",29
"3303",107,"62",29
"3304",108,"62",30
"3305",109,"62",30
"3306",110,"62",30
"3307",111,"62",30
"3308",112,"62",30
"3309",113,"62",30
"3310",114,"62",30
"3311",115,"62",30
"3312",116,"62",30
"3313",48,"63",NA
"3314",49,"63",NA
"3315",50,"63",NA
"3316",51,"63",NA
"3317",52,"63",NA
"3318",53,"63",NA
"3319",54,"63",NA
"3320",55,"63",NA
"3321",56,"63",NA
"3322",57,"63",NA
"3323",58,"63",NA
"3324",59,"63",NA
"3325",60,"63",NA
"3326",61,"63",NA
"3327",62,"63",NA
"3328",63,"63",14
"3329",64,"63",14
"3330",65,"63",14
"3331",66,"63",15
"3332",67,"63",15
"3333",68,"63",15
"3334",69,"63",17
"3335",70,"63",17
"3336",71,"63",17
"3337",72,"63",18
"3338",73,"63",18
"3339",74,"63",18
"3340",75,"63",20
"3341",76,"63",20
"3342",77,"63",20
"3343",78,"63",21
"3344",79,"63",21
"3345",80,"63",21
"3346",81,"63",23
"3347",82,"63",23
"3348",83,"63",23
"3349",84,"63",24
"3350",85,"63",24
"3351",86,"63",24
"3352",87,"63",26
"3353",88,"63",26
"3354",89,"63",26
"3355",90,"63",27
"3356",91,"63",27
"3357",92,"63",27
"3358",93,"63",27
"3359",94,"63",27
"3360",95,"63",27
"3361",96,"63",28
"3362",97,"63",28
"3363",98,"63",28
"3364",99,"63",28
"3365",100,"63",28
"3366",101,"63",28
"3367",102,"63",29
"3368",103,"63",29
"3369",104,"63",29
"3370",105,"63",29
"3371",106,"63",29
"3372",107,"63",29
"3373",108,"63",30
"3374",109,"63",30
"3375",110,"63",30
"3376",111,"63",30
"3377",112,"63",30
"3378",113,"63",30
"3379",114,"63",30
"3380",115,"63",30
"3381",116,"63",30
"3382",48,"64",NA
"3383",49,"64",NA
"3384",50,"64",NA
"3385",51,"64",NA
"3386",52,"64",NA
"3387",53,"64",NA
"3388",54,"64",NA
"3389",55,"64",NA
"3390",56,"64",NA
"3391",57,"64",NA
"3392",58,"64",NA
"3393",59,"64",NA
"3394",60,"64",NA
"3395",61,"64",NA
"3396",62,"64",NA
"3397",63,"64",14
"3398",64,"64",14
"3399",65,"64",14
"3400",66,"64",15
"3401",67,"64",15
"3402",68,"64",15
"3403",69,"64",17
"3404",70,"64",17
"3405",71,"64",17
"3406",72,"64",18
"3407",73,"64",18
"3408",74,"64",18
"3409",75,"64",20
"3410",76,"64",20
"3411",77,"64",20
"3412",78,"64",21
"3413",79,"64",21
"3414",80,"64",21
"3415",81,"64",23
"3416",82,"64",23
"3417",83,"64",23
"3418",84,"64",24
"3419",85,"64",24
"3420",86,"64",24
"3421",87,"64",26
"3422",88,"64",26
"3423",89,"64",26
"3424",90,"64",27
"3425",91,"64",27
"3426",92,"64",27
"3427",93,"64",27
"3428",94,"64",27
"3429",95,"64",27
"3430",96,"64",28
"3431",97,"64",28
"3432",98,"64",28
"3433",99,"64",28
"3434",100,"64",28
"3435",101,"64",28
"3436",102,"64",29
"3437",103,"64",29
"3438",104,"64",29
"3439",105,"64",29
"3440",106,"64",29
"3441",107,"64",29
"3442",108,"64",30
"3443",109,"64",30
"3444",110,"64",30
"3445",111,"64",30
"3446",112,"64",30
"3447",113,"64",30
"3448",114,"64",30
"3449",115,"64",30
"3450",116,"64",30
"3451",48,"65",NA
"3452",49,"65",NA
"3453",50,"65",NA
"3454",51,"65",NA
"3455",52,"65",NA
"3456",53,"65",NA
"3457",54,"65",NA
"3458",55,"65",NA
"3459",56,"65",NA
"3460",57,"65",NA
"3461",58,"65",NA
"3462",59,"65",NA
"3463",60,"65",NA
"3464",61,"65",NA
"3465",62,"65",NA
"3466",63,"65",NA
"3467",64,"65",NA
"3468",65,"65",NA
"3469",66,"65",17
"3470",67,"65",17
"3471",68,"65",17
"3472",69,"65",18
"3473",70,"65",18
"3474",71,"65",18
"3475",72,"65",20
"3476",73,"65",20
"3477",74,"65",20
"3478",75,"65",21
"3479",76,"65",21
"3480",77,"65",21
"3481",78,"65",23
"3482",79,"65",23
"3483",80,"65",23
"3484",81,"65",24
"3485",82,"65",24
"3486",83,"65",24
"3487",84,"65",26
"3488",85,"65",26
"3489",86,"65",26
"3490",87,"65",27
"3491",88,"65",27
"3492",89,"65",27
"3493",90,"65",28
"3494",91,"65",28
"3495",92,"65",28
"3496",93,"65",29
"3497",94,"65",29
"3498",95,"65",29
"3499",96,"65",29
"3500",97,"65",29
"3501",98,"65",29
"3502",99,"65",30
"3503",100,"65",30
"3504",101,"65",30
"3505",102,"65",30
"3506",103,"65",30
"3507",104,"65",30
"3508",105,"65",31
"3509",106,"65",31
"3510",107,"65",31
"3511",108,"65",31
"3512",109,"65",31
"3513",110,"65",31
"3514",111,"65",31
"3515",112,"65",31
"3516",113,"65",31
"3517",114,"65",31
"3518",115,"65",31
"3519",116,"65",31
"3520",48,"66",NA
"3521",49,"66",NA
"3522",50,"66",NA
"3523",51,"66",NA
"3524",52,"66",NA
"3525",53,"66",NA
"3526",54,"66",NA
"3527",55,"66",NA
"3528",56,"66",NA
"3529",57,"66",NA
"3530",58,"66",NA
"3531",59,"66",NA
"3532",60,"66",NA
"3533",61,"66",NA
"3534",62,"66",NA
"3535",63,"66",NA
"3536",64,"66",NA
"3537",65,"66",NA
"3538",66,"66",17
"3539",67,"66",17
"3540",68,"66",17
"3541",69,"66",18
"3542",70,"66",18
"3543",71,"66",18
"3544",72,"66",20
"3545",73,"66",20
"3546",74,"66",20
"3547",75,"66",21
"3548",76,"66",21
"3549",77,"66",21
"3550",78,"66",23
"3551",79,"66",23
"3552",80,"66",23
"3553",81,"66",24
"3554",82,"66",24
"3555",83,"66",24
"3556",84,"66",26
"3557",85,"66",26
"3558",86,"66",26
"3559",87,"66",27
"3560",88,"66",27
"3561",89,"66",27
"3562",90,"66",28
"3563",91,"66",28
"3564",92,"66",28
"3565",93,"66",29
"3566",94,"66",29
"3567",95,"66",29
"3568",96,"66",29
"3569",97,"66",29
"3570",98,"66",29
"3571",99,"66",30
"3572",100,"66",30
"3573",101,"66",30
"3574",102,"66",30
"3575",103,"66",30
"3576",104,"66",30
"3577",105,"66",31
"3578",106,"66",31
"3579",107,"66",31
"3580",108,"66",31
"3581",109,"66",31
"3582",110,"66",31
"3583",111,"66",31
"3584",112,"66",31
"3585",113,"66",31
"3586",114,"66",31
"3587",115,"66",31
"3588",116,"66",31
"3589",48,"67",NA
"3590",49,"67",NA
"3591",50,"67",NA
"3592",51,"67",NA
"3593",52,"67",NA
"3594",53,"67",NA
"3595",54,"67",NA
"3596",55,"67",NA
"3597",56,"67",NA
"3598",57,"67",NA
"3599",58,"67",NA
"3600",59,"67",NA
"3601",60,"67",NA
"3602",61,"67",NA
"3603",62,"67",NA
"3604",63,"67",NA
"3605",64,"67",NA
"3606",65,"67",NA
"3607",66,"67",17
"3608",67,"67",17
"3609",68,"67",17
"3610",69,"67",18
"3611",70,"67",18
"3612",71,"67",18
"3613",72,"67",20
"3614",73,"67",20
"3615",74,"67",20
"3616",75,"67",21
"3617",76,"67",21
"3618",77,"67",21
"3619",78,"67",23
"3620",79,"67",23
"3621",80,"67",23
"3622",81,"67",24
"3623",82,"67",24
"3624",83,"67",24
"3625",84,"67",26
"3626",85,"67",26
"3627",86,"67",26
"3628",87,"67",27
"3629",88,"67",27
"3630",89,"67",27
"3631",90,"67",28
"3632",91,"67",28
"3633",92,"67",28
"3634",93,"67",29
"3635",94,"67",29
"3636",95,"67",29
"3637",96,"67",29
"3638",97,"67",29
"3639",98,"67",29
"3640",99,"67",30
"3641",100,"67",30
"3642",101,"67",30
"3643",102,"67",30
"3644",103,"67",30
"3645",104,"67",30
"3646",105,"67",31
"3647",106,"67",31
"3648",107,"67",31
"3649",108,"67",31
"3650",109,"67",31
"3651",110,"67",31
"3652",111,"67",31
"3653",112,"67",31
"3654",113,"67",31
"3655",114,"67",31
"3656",115,"67",31
"3657",116,"67",31
"3658",48,"68",NA
"3659",49,"68",NA
"3660",50,"68",NA
"3661",51,"68",NA
"3662",52,"68",NA
"3663",53,"68",NA
"3664",54,"68",NA
"3665",55,"68",NA
"3666",56,"68",NA
"3667",57,"68",NA
"3668",58,"68",NA
"3669",59,"68",NA
"3670",60,"68",NA
"3671",61,"68",NA
"3672",62,"68",NA
"3673",63,"68",NA
"3674",64,"68",NA
"3675",65,"68",NA
"3676",66,"68",NA
"3677",67,"68",NA
"3678",68,"68",NA
"3679",69,"68",20
"3680",70,"68",20
"3681",71,"68",20
"3682",72,"68",21
"3683",73,"68",21
"3684",74,"68",21
"3685",75,"68",23
"3686",76,"68",23
"3687",77,"68",23
"3688",78,"68",24
"3689",79,"68",24
"3690",80,"68",24
"3691",81,"68",26
"3692",82,"68",26
"3693",83,"68",26
"3694",84,"68",27
"3695",85,"68",27
"3696",86,"68",27
"3697",87,"68",29
"3698",88,"68",29
"3699",89,"68",29
"3700",90,"68",30
"3701",91,"68",30
"3702",92,"68",30
"3703",93,"68",30
"3704",94,"68",30
"3705",95,"68",30
"3706",96,"68",31
"3707",97,"68",31
"3708",98,"68",31
"3709",99,"68",31
"3710",100,"68",31
"3711",101,"68",31
"3712",102,"68",32
"3713",103,"68",32
"3714",104,"68",32
"3715",105,"68",32
"3716",106,"68",32
"3717",107,"68",32
"3718",108,"68",32
"3719",109,"68",32
"3720",110,"68",32
"3721",111,"68",32
"3722",112,"68",32
"3723",113,"68",32
"3724",114,"68",33
"3725",115,"68",33
"3726",116,"68",33
"3727",48,"69",NA
"3728",49,"69",NA
"3729",50,"69",NA
"3730",51,"69",NA
"3731",52,"69",NA
"3732",53,"69",NA
"3733",54,"69",NA
"3734",55,"69",NA
"3735",56,"69",NA
"3736",57,"69",NA
"3737",58,"69",NA
"3738",59,"69",NA
"3739",60,"69",NA
"3740",61,"69",NA
"3741",62,"69",NA
"3742",63,"69",NA
"3743",64,"69",NA
"3744",65,"69",NA
"3745",66,"69",NA
"3746",67,"69",NA
"3747",68,"69",NA
"3748",69,"69",20
"3749",70,"69",20
"3750",71,"69",20
"3751",72,"69",21
"3752",73,"69",21
"3753",74,"69",21
"3754",75,"69",23
"3755",76,"69",23
"3756",77,"69",23
"3757",78,"69",24
"3758",79,"69",24
"3759",80,"69",24
"3760",81,"69",26
"3761",82,"69",26
"3762",83,"69",26
"3763",84,"69",27
"3764",85,"69",27
"3765",86,"69",27
"3766",87,"69",29
"3767",88,"69",29
"3768",89,"69",29
"3769",90,"69",30
"3770",91,"69",30
"3771",92,"69",30
"3772",93,"69",30
"3773",94,"69",30
"3774",95,"69",30
"3775",96,"69",31
"3776",97,"69",31
"3777",98,"69",31
"3778",99,"69",31
"3779",100,"69",31
"3780",101,"69",31
"3781",102,"69",32
"3782",103,"69",32
"3783",104,"69",32
"3784",105,"69",32
"3785",106,"69",32
"3786",107,"69",32
"3787",108,"69",32
"3788",109,"69",32
"3789",110,"69",32
"3790",111,"69",32
"3791",112,"69",32
"3792",113,"69",32
"3793",114,"69",33
"3794",115,"69",33
"3795",116,"69",33
"3796",48,"70",NA
"3797",49,"70",NA
"3798",50,"70",NA
"3799",51,"70",NA
"3800",52,"70",NA
"3801",53,"70",NA
"3802",54,"70",NA
"3803",55,"70",NA
"3804",56,"70",NA
"3805",57,"70",NA
"3806",58,"70",NA
"3807",59,"70",NA
"3808",60,"70",NA
"3809",61,"70",NA
"3810",62,"70",NA
"3811",63,"70",NA
"3812",64,"70",NA
"3813",65,"70",NA
"3814",66,"70",NA
"3815",67,"70",NA
"3816",68,"70",NA
"3817",69,"70",20
"3818",70,"70",20
"3819",71,"70",20
"3820",72,"70",21
"3821",73,"70",21
"3822",74,"70",21
"3823",75,"70",23
"3824",76,"70",23
"3825",77,"70",23
"3826",78,"70",24
"3827",79,"70",24
"3828",80,"70",24
"3829",81,"70",26
"3830",82,"70",26
"3831",83,"70",26
"3832",84,"70",27
"3833",85,"70",27
"3834",86,"70",27
"3835",87,"70",29
"3836",88,"70",29
"3837",89,"70",29
"3838",90,"70",30
"3839",91,"70",30
"3840",92,"70",30
"3841",93,"70",30
"3842",94,"70",30
"3843",95,"70",30
"3844",96,"70",31
"3845",97,"70",31
"3846",98,"70",31
"3847",99,"70",31
"3848",100,"70",31
"3849",101,"70",31
"3850",102,"70",32
"3851",103,"70",32
"3852",104,"70",32
"3853",105,"70",32
"3854",106,"70",32
"3855",107,"70",32
"3856",108,"70",32
"3857",109,"70",32
"3858",110,"70",32
"3859",111,"70",32
"3860",112,"70",32
"3861",113,"70",32
"3862",114,"70",33
"3863",115,"70",33
"3864",116,"70",33
"3865",48,"71",NA
"3866",49,"71",NA
"3867",50,"71",NA
"3868",51,"71",NA
"3869",52,"71",NA
"3870",53,"71",NA
"3871",54,"71",NA
"3872",55,"71",NA
"3873",56,"71",NA
"3874",57,"71",NA
"3875",58,"71",NA
"3876",59,"71",NA
"3877",60,"71",NA
"3878",61,"71",NA
"3879",62,"71",NA
"3880",63,"71",NA
"3881",64,"71",NA
"3882",65,"71",NA
"3883",66,"71",NA
"3884",67,"71",NA
"3885",68,"71",NA
"3886",69,"71",NA
"3887",70,"71",NA
"3888",71,"71",NA
"3889",72,"71",23
"3890",73,"71",23
"3891",74,"71",23
"3892",75,"71",24
"3893",76,"71",24
"3894",77,"71",24
"3895",78,"71",26
"3896",79,"71",26
"3897",80,"71",26
"3898",81,"71",27
"3899",82,"71",27
"3900",83,"71",27
"3901",84,"71",29
"3902",85,"71",29
"3903",86,"71",29
"3904",87,"71",30
"3905",88,"71",30
"3906",89,"71",30
"3907",90,"71",31
"3908",91,"71",31
"3909",92,"71",31
"3910",93,"71",32
"3911",94,"71",32
"3912",95,"71",32
"3913",96,"71",32
"3914",97,"71",32
"3915",98,"71",32
"3916",99,"71",32
"3917",100,"71",32
"3918",101,"71",32
"3919",102,"71",33
"3920",103,"71",33
"3921",104,"71",33
"3922",105,"71",33
"3923",106,"71",33
"3924",107,"71",33
"3925",108,"71",33
"3926",109,"71",33
"3927",110,"71",33
"3928",111,"71",34
"3929",112,"71",34
"3930",113,"71",34
"3931",114,"71",34
"3932",115,"71",34
"3933",116,"71",34
"3934",48,"72",NA
"3935",49,"72",NA
"3936",50,"72",NA
"3937",51,"72",NA
"3938",52,"72",NA
"3939",53,"72",NA
"3940",54,"72",NA
"3941",55,"72",NA
"3942",56,"72",NA
"3943",57,"72",NA
"3944",58,"72",NA
"3945",59,"72",NA
"3946",60,"72",NA
"3947",61,"72",NA
"3948",62,"72",NA
"3949",63,"72",NA
"3950",64,"72",NA
"3951",65,"72",NA
"3952",66,"72",NA
"3953",67,"72",NA
"3954",68,"72",NA
"3955",69,"72",NA
"3956",70,"72",NA
"3957",71,"72",NA
"3958",72,"72",23
"3959",73,"72",23
"3960",74,"72",23
"3961",75,"72",24
"3962",76,"72",24
"3963",77,"72",24
"3964",78,"72",26
"3965",79,"72",26
"3966",80,"72",26
"3967",81,"72",27
"3968",82,"72",27
"3969",83,"72",27
"3970",84,"72",29
"3971",85,"72",29
"3972",86,"72",29
"3973",87,"72",30
"3974",88,"72",30
"3975",89,"72",30
"3976",90,"72",31
"3977",91,"72",31
"3978",92,"72",31
"3979",93,"72",32
"3980",94,"72",32
"3981",95,"72",32
"3982",96,"72",32
"3983",97,"72",32
"3984",98,"72",32
"3985",99,"72",32
"3986",100,"72",32
"3987",101,"72",32
"3988",102,"72",33
"3989",103,"72",33
"3990",104,"72",33
"3991",105,"72",33
"3992",106,"72",33
"3993",107,"72",33
"3994",108,"72",33
"3995",109,"72",33
"3996",110,"72",33
"3997",111,"72",34
"3998",112,"72",34
"3999",113,"72",34
"4000",114,"72",34
"4001",115,"72",34
"4002",116,"72",34
"4003",48,"73",NA
"4004",49,"73",NA
"4005",50,"73",NA
"4006",51,"73",NA
"4007",52,"73",NA
"4008",53,"73",NA
"4009",54,"73",NA
"4010",55,"73",NA
"4011",56,"73",NA
"4012",57,"73",NA
"4013",58,"73",NA
"4014",59,"73",NA
"4015",60,"73",NA
"4016",61,"73",NA
"4017",62,"73",NA
"4018",63,"73",NA
"4019",64,"73",NA
"4020",65,"73",NA
"4021",66,"73",NA
"4022",67,"73",NA
"4023",68,"73",NA
"4024",69,"73",NA
"4025",70,"73",NA
"4026",71,"73",NA
"4027",72,"73",23
"4028",73,"73",23
"4029",74,"73",23
"4030",75,"73",24
"4031",76,"73",24
"4032",77,"73",24
"4033",78,"73",26
"4034",79,"73",26
"4035",80,"73",26
"4036",81,"73",27
"4037",82,"73",27
"4038",83,"73",27
"4039",84,"73",29
"4040",85,"73",29
"4041",86,"73",29
"4042",87,"73",30
"4043",88,"73",30
"4044",89,"73",30
"4045",90,"73",31
"4046",91,"73",31
"4047",92,"73",31
"4048",93,"73",32
"4049",94,"73",32
"4050",95,"73",32
"4051",96,"73",32
"4052",97,"73",32
"4053",98,"73",32
"4054",99,"73",32
"4055",100,"73",32
"4056",101,"73",32
"4057",102,"73",33
"4058",103,"73",33
"4059",104,"73",33
"4060",105,"73",33
"4061",106,"73",33
"4062",107,"73",33
"4063",108,"73",33
"4064",109,"73",33
"4065",110,"73",33
"4066",111,"73",34
"4067",112,"73",34
"4068",113,"73",34
"4069",114,"73",34
"4070",115,"73",34
"4071",116,"73",34
"4072",48,"74",NA
"4073",49,"74",NA
"4074",50,"74",NA
"4075",51,"74",NA
"4076",52,"74",NA
"4077",53,"74",NA
"4078",54,"74",NA
"4079",55,"74",NA
"4080",56,"74",NA
"4081",57,"74",NA
"4082",58,"74",NA
"4083",59,"74",NA
"4084",60,"74",NA
"4085",61,"74",NA
"4086",62,"74",NA
"4087",63,"74",NA
"4088",64,"74",NA
"4089",65,"74",NA
"4090",66,"74",NA
"4091",67,"74",NA
"4092",68,"74",NA
"4093",69,"74",NA
"4094",70,"74",NA
"4095",71,"74",NA
"4096",72,"74",NA
"4097",73,"74",NA
"4098",74,"74",NA
"4099",75,"74",26
"4100",76,"74",26
"4101",77,"74",26
"4102",78,"74",27
"4103",79,"74",27
"4104",80,"74",27
"4105",81,"74",29
"4106",82,"74",29
"4107",83,"74",29
"4108",84,"74",30
"4109",85,"74",30
"4110",86,"74",30
"4111",87,"74",32
"4112",88,"74",32
"4113",89,"74",32
"4114",90,"74",32
"4115",91,"74",32
"4116",92,"74",32
"4117",93,"74",33
"4118",94,"74",33
"4119",95,"74",33
"4120",96,"74",33
"4121",97,"74",33
"4122",98,"74",33
"4123",99,"74",34
"4124",100,"74",34
"4125",101,"74",34
"4126",102,"74",34
"4127",103,"74",34
"4128",104,"74",34
"4129",105,"74",34
"4130",106,"74",34
"4131",107,"74",34
"4132",108,"74",34
"4133",109,"74",34
"4134",110,"74",34
"4135",111,"74",35
"4136",112,"74",35
"4137",113,"74",35
"4138",114,"74",35
"4139",115,"74",35
"4140",116,"74",35
"4141",48,"75",NA
"4142",49,"75",NA
"4143",50,"75",NA
"4144",51,"75",NA
"4145",52,"75",NA
"4146",53,"75",NA
"4147",54,"75",NA
"4148",55,"75",NA
"4149",56,"75",NA
"4150",57,"75",NA
"4151",58,"75",NA
"4152",59,"75",NA
"4153",60,"75",NA
"4154",61,"75",NA
"4155",62,"75",NA
"4156",63,"75",NA
"4157",64,"75",NA
"4158",65,"75",NA
"4159",66,"75",NA
"4160",67,"75",NA
"4161",68,"75",NA
"4162",69,"75",NA
"4163",70,"75",NA
"4164",71,"75",NA
"4165",72,"75",NA
"4166",73,"75",NA
"4167",74,"75",NA
"4168",75,"75",26
"4169",76,"75",26
"4170",77,"75",26
"4171",78,"75",27
"4172",79,"75",27
"4173",80,"75",27
"4174",81,"75",29
"4175",82,"75",29
"4176",83,"75",29
"4177",84,"75",30
"4178",85,"75",30
"4179",86,"75",30
"4180",87,"75",32
"4181",88,"75",32
"4182",89,"75",32
"4183",90,"75",32
"4184",91,"75",32
"4185",92,"75",32
"4186",93,"75",33
"4187",94,"75",33
"4188",95,"75",33
"4189",96,"75",33
"4190",97,"75",33
"4191",98,"75",33
"4192",99,"75",34
"4193",100,"75",34
"4194",101,"75",34
"4195",102,"75",34
"4196",103,"75",34
"4197",104,"75",34
"4198",105,"75",34
"4199",106,"75",34
"4200",107,"75",34
"4201",108,"75",34
"4202",109,"75",34
"4203",110,"75",34
"4204",111,"75",35
"4205",112,"75",35
"4206",113,"75",35
"4207",114,"75",35
"4208",115,"75",35
"4209",116,"75",35
"4210",48,"76",NA
"4211",49,"76",NA
"4212",50,"76",NA
"4213",51,"76",NA
"4214",52,"76",NA
"4215",53,"76",NA
"4216",54,"76",NA
"4217",55,"76",NA
"4218",56,"76",NA
"4219",57,"76",NA
"4220",58,"76",NA
"4221",59,"76",NA
"4222",60,"76",NA
"4223",61,"76",NA
"4224",62,"76",NA
"4225",63,"76",NA
"4226",64,"76",NA
"4227",65,"76",NA
"4228",66,"76",NA
"4229",67,"76",NA
"4230",68,"76",NA
"4231",69,"76",NA
"4232",70,"76",NA
"4233",71,"76",NA
"4234",72,"76",NA
"4235",73,"76",NA
"4236",74,"76",NA
"4237",75,"76",26
"4238",76,"76",26
"4239",77,"76",26
"4240",78,"76",27
"4241",79,"76",27
"4242",80,"76",27
"4243",81,"76",29
"4244",82,"76",29
"4245",83,"76",29
"4246",84,"76",30
"4247",85,"76",30
"4248",86,"76",30
"4249",87,"76",32
"4250",88,"76",32
"4251",89,"76",32
"4252",90,"76",32
"4253",91,"76",32
"4254",92,"76",32
"4255",93,"76",33
"4256",94,"76",33
"4257",95,"76",33
"4258",96,"76",33
"4259",97,"76",33
"4260",98,"76",33
"4261",99,"76",34
"4262",100,"76",34
"4263",101,"76",34
"4264",102,"76",34
"4265",103,"76",34
"4266",104,"76",34
"4267",105,"76",34
"4268",106,"76",34
"4269",107,"76",34
"4270",108,"76",34
"4271",109,"76",34
"4272",110,"76",34
"4273",111,"76",35
"4274",112,"76",35
"4275",113,"76",35
"4276",114,"76",35
"4277",115,"76",35
"4278",116,"76",35
"4279",48,"77",NA
"4280",49,"77",NA
"4281",50,"77",NA
"4282",51,"77",NA
"4283",52,"77",NA
"4284",53,"77",NA
"4285",54,"77",NA
"4286",55,"77",NA
"4287",56,"77",NA
"4288",57,"77",NA
"4289",58,"77",NA
"4290",59,"77",NA
"4291",60,"77",NA
"4292",61,"77",NA
"4293",62,"77",NA
"4294",63,"77",NA
"4295",64,"77",NA
"4296",65,"77",NA
"4297",66,"77",NA
"4298",67,"77",NA
"4299",68,"77",NA
"4300",69,"77",NA
"4301",70,"77",NA
"4302",71,"77",NA
"4303",72,"77",NA
"4304",73,"77",NA
"4305",74,"77",NA
"4306",75,"77",NA
"4307",76,"77",NA
"4308",77,"77",NA
"4309",78,"77",29
"4310",79,"77",29
"4311",80,"77",29
"4312",81,"77",30
"4313",82,"77",30
"4314",83,"77",30
"4315",84,"77",32
"4316",85,"77",32
"4317",86,"77",32
"4318",87,"77",33
"4319",88,"77",33
"4320",89,"77",33
"4321",90,"77",34
"4322",91,"77",34
"4323",92,"77",34
"4324",93,"77",31
"4325",94,"77",31
"4326",95,"77",31
"4327",96,"77",35
"4328",97,"77",35
"4329",98,"77",35
"4330",99,"77",35
"4331",100,"77",35
"4332",101,"77",35
"4333",102,"77",35
"4334",103,"77",35
"4335",104,"77",35
"4336",105,"77",35
"4337",106,"77",35
"4338",107,"77",35
"4339",108,"77",35
"4340",109,"77",35
"4341",110,"77",35
"4342",111,"77",36
"4343",112,"77",36
"4344",113,"77",36
"4345",114,"77",36
"4346",115,"77",36
"4347",116,"77",36
"4348",48,"78",NA
"4349",49,"78",NA
"4350",50,"78",NA
"4351",51,"78",NA
"4352",52,"78",NA
"4353",53,"78",NA
"4354",54,"78",NA
"4355",55,"78",NA
"4356",56,"78",NA
"4357",57,"78",NA
"4358",58,"78",NA
"4359",59,"78",NA
"4360",60,"78",NA
"4361",61,"78",NA
"4362",62,"78",NA
"4363",63,"78",NA
"4364",64,"78",NA
"4365",65,"78",NA
"4366",66,"78",NA
"4367",67,"78",NA
"4368",68,"78",NA
"4369",69,"78",NA
"4370",70,"78",NA
"4371",71,"78",NA
"4372",72,"78",NA
"4373",73,"78",NA
"4374",74,"78",NA
"4375",75,"78",NA
"4376",76,"78",NA
"4377",77,"78",NA
"4378",78,"78",29
"4379",79,"78",29
"4380",80,"78",29
"4381",81,"78",30
"4382",82,"78",30
"4383",83,"78",30
"4384",84,"78",32
"4385",85,"78",32
"4386",86,"78",32
"4387",87,"78",33
"4388",88,"78",33
"4389",89,"78",33
"4390",90,"78",34
"4391",91,"78",34
"4392",92,"78",34
"4393",93,"78",31
"4394",94,"78",31
"4395",95,"78",31
"4396",96,"78",35
"4397",97,"78",35
"4398",98,"78",35
"4399",99,"78",35
"4400",100,"78",35
"4401",101,"78",35
"4402",102,"78",35
"4403",103,"78",35
"4404",104,"78",35
"4405",105,"78",35
"4406",106,"78",35
"4407",107,"78",35
"4408",108,"78",35
"4409",109,"78",35
"4410",110,"78",35
"4411",111,"78",36
"4412",112,"78",36
"4413",113,"78",36
"4414",114,"78",36
"4415",115,"78",36
"4416",116,"78",36
"4417",48,"79",NA
"4418",49,"79",NA
"4419",50,"79",NA
"4420",51,"79",NA
"4421",52,"79",NA
"4422",53,"79",NA
"4423",54,"79",NA
"4424",55,"79",NA
"4425",56,"79",NA
"4426",57,"79",NA
"4427",58,"79",NA
"4428",59,"79",NA
"4429",60,"79",NA
"4430",61,"79",NA
"4431",62,"79",NA
"4432",63,"79",NA
"4433",64,"79",NA
"4434",65,"79",NA
"4435",66,"79",NA
"4436",67,"79",NA
"4437",68,"79",NA
"4438",69,"79",NA
"4439",70,"79",NA
"4440",71,"79",NA
"4441",72,"79",NA
"4442",73,"79",NA
"4443",74,"79",NA
"4444",75,"79",NA
"4445",76,"79",NA
"4446",77,"79",NA
"4447",78,"79",29
"4448",79,"79",29
"4449",80,"79",29
"4450",81,"79",30
"4451",82,"79",30
"4452",83,"79",30
"4453",84,"79",32
"4454",85,"79",32
"4455",86,"79",32
"4456",87,"79",33
"4457",88,"79",33
"4458",89,"79",33
"4459",90,"79",34
"4460",91,"79",34
"4461",92,"79",34
"4462",93,"79",31
"4463",94,"79",31
"4464",95,"79",31
"4465",96,"79",35
"4466",97,"79",35
"4467",98,"79",35
"4468",99,"79",35
"4469",100,"79",35
"4470",101,"79",35
"4471",102,"79",35
"4472",103,"79",35
"4473",104,"79",35
"4474",105,"79",35
"4475",106,"79",35
"4476",107,"79",35
"4477",108,"79",35
"4478",109,"79",35
"4479",110,"79",35
"4480",111,"79",36
"4481",112,"79",36
"4482",113,"79",36
"4483",114,"79",36
"4484",115,"79",36
"4485",116,"79",36
"4486",48,"80",NA
"4487",49,"80",NA
"4488",50,"80",NA
"4489",51,"80",NA
"4490",52,"80",NA
"4491",53,"80",NA
"4492",54,"80",NA
"4493",55,"80",NA
"4494",56,"80",NA
"4495",57,"80",NA
"4496",58,"80",NA
"4497",59,"80",NA
"4498",60,"80",NA
"4499",61,"80",NA
"4500",62,"80",NA
"4501",63,"80",NA
"4502",64,"80",NA
"4503",65,"80",NA
"4504",66,"80",NA
"4505",67,"80",NA
"4506",68,"80",NA
"4507",69,"80",NA
"4508",70,"80",NA
"4509",71,"80",NA
"4510",72,"80",NA
"4511",73,"80",NA
"4512",74,"80",NA
"4513",75,"80",NA
"4514",76,"80",NA
"4515",77,"80",NA
"4516",78,"80",NA
"4517",79,"80",NA
"4518",80,"80",NA
"4519",81,"80",32
"4520",82,"80",32
"4521",83,"80",32
"4522",84,"80",33
"4523",85,"80",33
"4524",86,"80",33
"4525",87,"80",35
"4526",88,"80",35
"4527",89,"80",35
"4528",90,"80",35
"4529",91,"80",35
"4530",92,"80",35
"4531",93,"80",36
"4532",94,"80",36
"4533",95,"80",36
"4534",96,"80",36
"4535",97,"80",36
"4536",98,"80",36
"4537",99,"80",36
"4538",100,"80",36
"4539",101,"80",36
"4540",102,"80",36
"4541",103,"80",36
"4542",104,"80",36
"4543",105,"80",36
"4544",106,"80",36
"4545",107,"80",36
"4546",108,"80",36
"4547",109,"80",36
"4548",110,"80",36
"4549",111,"80",37
"4550",112,"80",37
"4551",113,"80",37
"4552",114,"80",37
"4553",115,"80",37
"4554",116,"80",37
"4555",48,"81",NA
"4556",49,"81",NA
"4557",50,"81",NA
"4558",51,"81",NA
"4559",52,"81",NA
"4560",53,"81",NA
"4561",54,"81",NA
"4562",55,"81",NA
"4563",56,"81",NA
"4564",57,"81",NA
"4565",58,"81",NA
"4566",59,"81",NA
"4567",60,"81",NA
"4568",61,"81",NA
"4569",62,"81",NA
"4570",63,"81",NA
"4571",64,"81",NA
"4572",65,"81",NA
"4573",66,"81",NA
"4574",67,"81",NA
"4575",68,"81",NA
"4576",69,"81",NA
"4577",70,"81",NA
"4578",71,"81",NA
"4579",72,"81",NA
"4580",73,"81",NA
"4581",74,"81",NA
"4582",75,"81",NA
"4583",76,"81",NA
"4584",77,"81",NA
"4585",78,"81",NA
"4586",79,"81",NA
"4587",80,"81",NA
"4588",81,"81",32
"4589",82,"81",32
"4590",83,"81",32
"4591",84,"81",33
"4592",85,"81",33
"4593",86,"81",33
"4594",87,"81",35
"4595",88,"81",35
"4596",89,"81",35
"4597",90,"81",35
"4598",91,"81",35
"4599",92,"81",35
"4600",93,"81",36
"4601",94,"81",36
"4602",95,"81",36
"4603",96,"81",36
"4604",97,"81",36
"4605",98,"81",36
"4606",99,"81",36
"4607",100,"81",36
"4608",101,"81",36
"4609",102,"81",36
"4610",103,"81",36
"4611",104,"81",36
"4612",105,"81",36
"4613",106,"81",36
"4614",107,"81",36
"4615",108,"81",36
"4616",109,"81",36
"4617",110,"81",36
"4618",111,"81",37
"4619",112,"81",37
"4620",113,"81",37
"4621",114,"81",37
"4622",115,"81",37
"4623",116,"81",37
